-- phpMyAdmin SQL Dump
-- version 5.2.1
-- https://www.phpmyadmin.net/
--
-- Máy chủ: 127.0.0.1
-- Thời gian đã tạo: Th9 03, 2025 lúc 07:13 AM
-- Phiên bản máy phục vụ: 10.4.32-MariaDB
-- Phiên bản PHP: 8.2.12

SET SQL_MODE = "NO_AUTO_VALUE_ON_ZERO";
START TRANSACTION;
SET time_zone = "+00:00";


/*!40101 SET @OLD_CHARACTER_SET_CLIENT=@@CHARACTER_SET_CLIENT */;
/*!40101 SET @OLD_CHARACTER_SET_RESULTS=@@CHARACTER_SET_RESULTS */;
/*!40101 SET @OLD_COLLATION_CONNECTION=@@COLLATION_CONNECTION */;
/*!40101 SET NAMES utf8mb4 */;

--
-- Cơ sở dữ liệu: `user_database`
--

-- --------------------------------------------------------

--
-- Cấu trúc bảng cho bảng `admin`
--

CREATE TABLE `admin` (
  `id` int(11) NOT NULL,
  `quyen` varchar(20) NOT NULL
) ENGINE=InnoDB DEFAULT CHARSET=utf8mb4 COLLATE=utf8mb4_general_ci;

--
-- Đang đổ dữ liệu cho bảng `admin`
--

INSERT INTO `admin` (`id`, `quyen`) VALUES
(1, 'admin'),
(2, 'user'),
(3, 'editor');

-- --------------------------------------------------------

--
-- Cấu trúc bảng cho bảng `essay_questions`
--

CREATE TABLE `essay_questions` (
  `question_id` int(11) NOT NULL,
  `exam_id` int(11) DEFAULT NULL,
  `question_text` text DEFAULT NULL,
  `answer` text NOT NULL,
  `question_type` varchar(50) NOT NULL,
  `difficulty` enum('easy','medium','hard') NOT NULL,
  `created_at` timestamp NOT NULL DEFAULT current_timestamp()
) ENGINE=InnoDB DEFAULT CHARSET=utf8mb4 COLLATE=utf8mb4_general_ci;

--
-- Đang đổ dữ liệu cho bảng `essay_questions`
--

INSERT INTO `essay_questions` (`question_id`, `exam_id`, `question_text`, `answer`, `question_type`, `difficulty`, `created_at`) VALUES
(7, 6, 'Viết phương trình hóa học của phản ứng giữa natri (Na) và nước (H₂O).', '2Na + 2H₂O → 2NaOH + H₂↑', 'tu_luan', '', '2025-09-02 07:40:17'),
(8, 6, 'Giải thích tại sao khí CO₂ lại làm nước vôi trong (Ca(OH)₂) bị vẩn đục.', 'CO₂ + Ca(OH)₂ → CaCO₃↓ + H₂O', 'tu_luan', '', '2025-09-02 07:40:17'),
(9, 6, 'Viết phương trình hóa học của phản ứng giữa axit HCl và Na₂CO₃.', '2HCl + Na₂CO₃ → 2NaCl + CO₂↑ + H₂O', 'tu_luan', '', '2025-09-02 07:40:17'),
(10, 6, 'Khi nhúng một thanh đồng vào dung dịch AgNO₃, hiện tượng gì xảy ra và tại sao?', 'Không có hiện tượng, vì đồng ít hoạt động hơn bạc, không thể thay thế bạc ra khỏi hợp chất.', 'tu_luan', '', '2025-09-02 07:40:17'),
(11, 6, 'Tính khối lượng NaOH cần dùng để trung hòa 100 ml dung dịch HCl 0,5M.', 'n(HCl) = 0,1 × 0,5 = 0,05 mol → m(NaOH) = 0,05 × 40 = 2 g', 'tu_luan', '', '2025-09-02 07:40:17'),
(12, 6, 'Viết phương trình hóa học của phản ứng giữa Al và dung dịch HCl.', '2Al + 6HCl → 2AlCl₃ + 3H₂↑', 'tu_luan', '', '2025-09-02 07:40:17'),
(13, 6, 'Giải thích tại sao nước cứng gây ra hiện tượng cáu cặn khi đun sôi.', 'Ca(HCO₃)₂ → CaCO₃↓ + CO₂↑ + H₂O', 'tu_luan', '', '2025-09-02 07:40:17'),
(14, 6, 'Viết phương trình hóa học khi kim loại K tác dụng với nước.', '2K + 2H₂O → 2KOH + H₂↑', 'tu_luan', '', '2025-09-02 07:40:17'),
(15, 6, 'Tính thể tích CO₂ (ở điều kiện chuẩn) thu được khi cho 5,6 g NaHCO₃ phản ứng với HCl dư.', 'n(NaHCO₃) = 5,6/84 = 0,0667 mol → n(CO₂) = 0,0667 mol → V = 0,0667 × 22,4 ≈ 1,49 lít', 'tu_luan', '', '2025-09-02 07:40:17'),
(16, 6, 'Viết phương trình hóa học của phản ứng phân hủy CaCO₃ khi nung.', 'CaCO₃ → CaO + CO₂↑', 'tu_luan', '', '2025-09-02 07:40:17'),
(17, 11, 'Tính: 125 ÷ 5 + 36 × 2.', '125 ÷ 5 = 25; 36 × 2 = 72 ⇒ 25 + 72 = 97.', '', 'easy', '2025-09-02 10:55:43'),
(18, 11, 'Rút gọn phân số: 84/126.', 'Chia cả tử và mẫu cho 42: 84/126 = 2/3.', '', 'easy', '2025-09-02 10:55:43'),
(19, 11, 'Giải phương trình: 2x + 7 = 19.', '2x = 19 − 7 = 12 ⇒ x = 6.', '', 'easy', '2025-09-02 10:55:43'),
(20, 11, 'Tìm số tự nhiên x biết: 5x − 12 = 28.', '5x = 28 + 12 = 40 ⇒ x = 8.', '', 'easy', '2025-09-02 10:55:43'),
(21, 11, 'Một hình chữ nhật có chiều dài 15 cm, chiều rộng bằng 2/5 chiều dài. Tính chu vi và diện tích.', 'Chiều rộng: 15 × 2/5 = 6 cm. Chu vi: 2(15 + 6) = 42 cm. Diện tích: 15 × 6 = 90 cm².', '', 'easy', '2025-09-02 10:55:43'),
(22, 11, 'Giải phương trình: 7x − 5 = 3x + 15.', '7x − 3x = 15 + 5 ⇒ 4x = 20 ⇒ x = 5.', '', 'easy', '2025-09-02 10:55:43'),
(23, 11, 'Rút gọn biểu thức: (x² − 16)/(x² − 8x + 16).', 'x² − 16 = (x − 4)(x + 4); x² − 8x + 16 = (x − 4)² ⇒ (x + 4)/(x − 4), điều kiện x ≠ 4.', '', 'easy', '2025-09-02 10:55:43'),
(24, 11, 'Lớp 6A có 42 học sinh, tỉ lệ nam : nữ = 4 : 3. Hỏi số nam, số nữ?', 'Tổng phần: 4 + 3 = 7 phần ⇒ 1 phần = 42/7 = 6. Nam: 4×6 = 24; Nữ: 3×6 = 18.', '', 'easy', '2025-09-02 10:55:43'),
(25, 11, 'Một hình tròn có bán kính r = 10 cm. Tính chu vi và diện tích (π = 3,14).', 'Chu vi: C = 2πr = 2×3,14×10 = 62,8 cm. Diện tích: S = πr² = 3,14×100 = 314 cm².', '', 'easy', '2025-09-02 10:55:43'),
(26, 11, 'Giải hệ: { x + y = 20 ; 2x − y = 10 }', 'Cộng 2 phương trình: 3x = 30 ⇒ x = 10. Thay vào x + y = 20 ⇒ y = 10. => (x, y) = (10, 10).', '', 'easy', '2025-09-02 10:55:43'),
(27, 11, 'Giải phương trình: 3x + 5 = 2x + 12.', '3x − 2x = 12 − 5 ⇒ x = 7.', '', 'easy', '2025-09-02 10:55:43'),
(28, 11, 'Giải bất phương trình: 4x − 7 > 9.', '4x > 16 ⇒ x > 4.', '', 'easy', '2025-09-02 10:55:43'),
(29, 11, 'Một tam giác có chiều cao 8 cm, đáy dài 12 cm. Tính diện tích.', 'S = 1/2 × đáy × cao = 1/2 × 12 × 8 = 48 cm².', '', 'easy', '2025-09-02 10:55:43'),
(30, 11, 'Một hình hộp chữ nhật có kích thước 4 × 5 × 6 cm. Tính thể tích.', 'V = a × b × c = 4×5×6 = 120 cm³.', '', 'easy', '2025-09-02 10:55:43'),
(31, 11, 'Tính giá trị A = (2x² − 8)/(x − 2) với x = 3.', 'Thế x = 3: tử = 2×9 − 8 = 10; mẫu = 3 − 2 = 1 ⇒ A = 10/1 = 10.', '', 'easy', '2025-09-02 10:55:43'),
(32, 11, 'Giải phương trình: (3x − 2)/(x − 1) = 4.', '3x − 2 = 4x − 4 ⇒ −x + 2 = −4 ⇒ x = 2 (đk x ≠ 1).', '', 'easy', '2025-09-02 10:55:43'),
(33, 11, 'Tính diện tích tam giác vuông có cạnh góc vuông 9 cm và 12 cm.', 'S = 1/2 × 9 × 12 = 54 cm².', '', 'easy', '2025-09-02 10:55:43'),
(34, 11, 'Mảnh vườn 30 m × 20 m, có lối đi quanh rộng 1 m. Tính diện tích lối đi.', 'Kích thước ngoài: (30+2) × (20+2) = 32×22 = 704 m²; Diện tích vườn: 30×20 = 600 m² ⇒ Lối đi = 704 − 600 = 104 m².', '', 'easy', '2025-09-02 10:55:43'),
(35, 11, 'Một xe máy đi từ A đến B hết 2 giờ với vận tốc 45 km/h. Tính quãng đường AB.', 'S = v × t = 45 × 2 = 90 km.', '', 'easy', '2025-09-02 10:55:43'),
(36, 11, 'Một hình lập phương có thể tích 512 cm³. Tính độ dài cạnh.', 'a³ = 512 ⇒ a = 8 (vì 8³ = 512).', '', 'easy', '2025-09-02 10:55:43'),
(38, 12, 'Lực newton', 'N = m * a', 'essay', 'easy', '2025-09-03 04:20:12'),
(39, 42, 'Tính 25 + 37.', '62', '', '', '2025-09-03 05:10:35'),
(40, 42, 'Tính 84 - 47.', '37', '', '', '2025-09-03 05:10:35'),
(41, 42, 'Tính 12 × 8.', '96', '', '', '2025-09-03 05:10:35'),
(42, 42, 'Tính 144 ÷ 12.', '12', '', '', '2025-09-03 05:10:35'),
(43, 42, 'Giải phương trình x + 7 = 15.', 'x = 8', '', '', '2025-09-03 05:10:35'),
(44, 42, 'Giải phương trình 3x = 21.', 'x = 7', '', '', '2025-09-03 05:10:35'),
(45, 42, 'Tính diện tích hình chữ nhật có chiều dài 8 cm, chiều rộng 5 cm.', '40 cm²', '', '', '2025-09-03 05:10:35'),
(46, 42, 'Tính chu vi hình chữ nhật có chiều dài 6 cm, chiều rộng 4 cm.', '20 cm', '', '', '2025-09-03 05:10:35'),
(47, 42, 'Tính giá trị của biểu thức 7² - 3².', '40', '', '', '2025-09-03 05:10:35'),
(48, 42, 'Một hình vuông có cạnh 9 cm. Tính diện tích hình vuông.', '81 cm²', '', '', '2025-09-03 05:10:35'),
(49, 42, 'Một thửa đất hình chữ nhật có chiều dài 12 m, chiều rộng 10 m. Tính diện tích thửa đất.', '120 m²', '', '', '2025-09-03 05:10:35'),
(50, 42, 'Tìm số hạng còn thiếu: 15, 20, ?, 30, 35.', '25', '', '', '2025-09-03 05:10:35'),
(51, 42, 'Tìm x biết: x - 9 = 16.', 'x = 25', '', '', '2025-09-03 05:10:35'),
(52, 42, 'Tính tổng các số: 13 + 27 + 19.', '59', '', '', '2025-09-03 05:10:35'),
(53, 42, 'Một cửa hàng bán 45 kg gạo, sau đó bán thêm 30 kg. Hỏi tổng số gạo đã bán?', '75 kg', '', '', '2025-09-03 05:10:35'),
(54, 42, 'Tính giá trị của biểu thức 5 × (8 + 2).', '50', '', '', '2025-09-03 05:10:35'),
(55, 42, 'Giải phương trình 2x + 5 = 17.', 'x = 6', '', '', '2025-09-03 05:10:35'),
(56, 42, 'Một bể nước có dung tích 200 lít. Người ta rút ra 45 lít. Hỏi còn lại bao nhiêu lít nước?', '155 lít', '', '', '2025-09-03 05:10:35'),
(57, 42, 'Tính diện tích hình tam giác có đáy 10 cm, chiều cao 8 cm.', '40 cm²', '', '', '2025-09-03 05:10:35'),
(58, 42, 'Một hình chữ nhật có chiều dài gấp 3 lần chiều rộng. Nếu chiều rộng là 5 cm, tính chu vi hình chữ nhật.', '40 cm', '', '', '2025-09-03 05:10:35');

-- --------------------------------------------------------

--
-- Cấu trúc bảng cho bảng `exams`
--

CREATE TABLE `exams` (
  `exam_id` int(11) NOT NULL,
  `title` varchar(255) NOT NULL,
  `subject` varchar(100) NOT NULL,
  `num_questions` int(11) NOT NULL,
  `time` int(11) NOT NULL,
  `difficulty` enum('easy','medium','hard') NOT NULL,
  `description` text DEFAULT NULL,
  `created_at` timestamp NOT NULL DEFAULT current_timestamp(),
  `created_by` text NOT NULL,
  `exam_type` enum('tracnghiem','tuluan') NOT NULL DEFAULT 'tracnghiem'
) ENGINE=InnoDB DEFAULT CHARSET=utf8mb4 COLLATE=utf8mb4_general_ci;

--
-- Đang đổ dữ liệu cho bảng `exams`
--

INSERT INTO `exams` (`exam_id`, `title`, `subject`, `num_questions`, `time`, `difficulty`, `description`, `created_at`, `created_by`, `exam_type`) VALUES
(1, 'thi giữa kỳ', 'math', 20, 40, 'easy', '', '0000-00-00 00:00:00', '', 'tracnghiem'),
(2, 'English - 20 câu', 'english', 20, 40, 'easy', '', '0000-00-00 00:00:00', '', 'tracnghiem'),
(4, 'Vật Lý - thường xuyên', 'physics', 20, 40, 'medium', '', '0000-00-00 00:00:00', '', 'tracnghiem'),
(12, 'Vật lý - tự luận', 'physics', 20, 40, 'medium', '', '2025-09-02 13:21:15', '12', 'tuluan'),
(20, 'Vật lý 6', 'physics', 40, 60, 'easy', NULL, '2025-09-02 17:53:33', '', 'tracnghiem'),
(21, 'Vật lý 7', 'physics', 40, 60, 'medium', NULL, '2025-09-02 17:53:33', '', 'tracnghiem'),
(22, 'Vật lý 8', 'physics', 40, 60, 'medium', NULL, '2025-09-02 17:53:33', '', 'tracnghiem'),
(23, 'Vật lý 9', 'physics', 40, 60, 'medium', NULL, '2025-09-02 17:53:33', '', 'tracnghiem'),
(24, 'Vật lý 10', 'physics', 40, 60, 'hard', NULL, '2025-09-02 17:53:33', '', 'tracnghiem'),
(25, 'Vật lý 11', 'physics', 40, 60, 'hard', NULL, '2025-09-02 17:53:33', '', 'tracnghiem'),
(26, 'Vật lý 12', 'physics', 40, 60, 'hard', NULL, '2025-09-02 17:53:33', '', 'tracnghiem'),
(27, 'Hóa học 8', 'chemistry', 40, 60, 'easy', NULL, '2025-09-02 17:53:33', '', 'tracnghiem'),
(28, 'Hóa học 9', 'chemistry', 40, 60, 'medium', NULL, '2025-09-02 17:53:33', '', 'tracnghiem'),
(29, 'Hóa học 10', 'chemistry', 40, 60, 'medium', NULL, '2025-09-02 17:53:33', '', 'tracnghiem'),
(30, 'Hóa học 11', 'chemistry', 40, 60, 'hard', NULL, '2025-09-02 17:53:33', '', 'tracnghiem'),
(31, 'Hóa học 12', 'chemistry', 40, 60, 'hard', NULL, '2025-09-02 17:53:33', '', 'tracnghiem'),
(32, 'Anh văn 6', 'english', 40, 60, 'easy', NULL, '2025-09-02 17:53:33', '', 'tracnghiem'),
(33, 'Anh văn 7', 'english', 40, 60, 'easy', NULL, '2025-09-02 17:53:33', '', 'tracnghiem'),
(34, 'Anh văn 8', 'english', 40, 60, 'easy', NULL, '2025-09-02 17:53:33', '', 'tracnghiem'),
(35, 'Anh văn 9', 'english', 40, 60, 'medium', NULL, '2025-09-02 17:53:33', '', 'tracnghiem'),
(36, 'Anh văn 10', 'english', 40, 60, 'medium', NULL, '2025-09-02 17:53:33', '', 'tracnghiem'),
(37, 'Anh văn 11', 'english', 40, 60, 'hard', NULL, '2025-09-02 17:53:33', '', 'tracnghiem'),
(38, 'Anh văn 12', 'english', 40, 60, 'hard', NULL, '2025-09-02 17:53:33', '', 'tracnghiem'),
(40, 'Hóa học 10', 'chemistry', 40, 60, 'medium', NULL, '2025-09-02 17:53:33', '', 'tracnghiem'),
(42, 'Toán - Tự luận', 'math', 20, 60, 'easy', NULL, '2025-09-03 05:10:34', '', 'tuluan');

-- --------------------------------------------------------

--
-- Cấu trúc bảng cho bảng `questions`
--

CREATE TABLE `questions` (
  `question_id` int(11) NOT NULL,
  `exam_id` int(11) NOT NULL,
  `question_text` text NOT NULL,
  `option_a` varchar(255) NOT NULL,
  `option_b` varchar(255) NOT NULL,
  `option_c` varchar(255) NOT NULL,
  `option_d` varchar(255) NOT NULL,
  `correct_answer` enum('A','B','C','D') NOT NULL,
  `created_at` timestamp NOT NULL DEFAULT current_timestamp()
) ENGINE=InnoDB DEFAULT CHARSET=utf8mb4 COLLATE=utf8mb4_general_ci;

--
-- Đang đổ dữ liệu cho bảng `questions`
--

INSERT INTO `questions` (`question_id`, `exam_id`, `question_text`, `option_a`, `option_b`, `option_c`, `option_d`, `correct_answer`, `created_at`) VALUES
(6, 1, '2 + 3 = ?', '4', '5', '6', '7', 'B', '2025-09-01 07:27:01'),
(7, 1, '7 – 4 = ?', '2', '3', '4', '5', 'B', '2025-09-01 07:27:01'),
(8, 1, '5 × 3 = ?', '15', '10', '8', '12', 'A', '2025-09-01 07:27:01'),
(9, 1, '12 ÷ 4 = ?', '2', '3', '4', '6', 'B', '2025-09-01 07:27:01'),
(10, 1, '9 + 6 = ?', '14', '15', '16', '17', 'B', '2025-09-01 07:27:01'),
(11, 1, '8 – 5 = ?', '2', '3', '4', '5', 'B', '2025-09-01 07:27:01'),
(12, 1, '4 × 6 = ?', '20', '24', '22', '26', 'B', '2025-09-01 07:27:01'),
(13, 1, '18 ÷ 3 = ?', '5', '6', '7', '8', 'B', '2025-09-01 07:27:01'),
(14, 1, '7 + 8 = ?', '14', '15', '16', '17', 'C', '2025-09-01 07:27:01'),
(15, 1, '15 – 9 = ?', '5', '6', '7', '8', 'B', '2025-09-01 07:27:01'),
(16, 1, '3 × 7 = ?', '20', '21', '22', '23', 'B', '2025-09-01 07:27:01'),
(17, 1, '24 ÷ 8 = ?', '2', '3', '4', '5', 'B', '2025-09-01 07:27:01'),
(18, 1, '6 + 9 = ?', '14', '15', '16', '17', 'B', '2025-09-01 07:27:01'),
(19, 1, '10 – 4 = ?', '5', '6', '7', '8', 'B', '2025-09-01 07:27:01'),
(20, 1, '5 × 5 = ?', '20', '25', '30', '35', 'B', '2025-09-01 07:27:01'),
(21, 1, '16 ÷ 4 = ?', '3', '4', '5', '6', 'B', '2025-09-01 07:27:01'),
(22, 1, '8 + 7 = ?', '14', '15', '16', '17', 'D', '2025-09-01 07:27:01'),
(23, 1, '12 – 7 = ?', '4', '5', '6', '7', 'B', '2025-09-01 07:27:01'),
(24, 1, '9 × 2 = ?', '16', '17', '18', '19', 'C', '2025-09-01 07:27:01'),
(25, 1, '20 ÷ 5 = ?', '4', '5', '6', '7', 'B', '2025-09-01 07:27:01'),
(46, 2, 'What is the plural of \"child\"?', 'childs', 'children', 'childes', 'child', 'B', '2025-09-01 09:06:46'),
(47, 2, 'Choose the correct verb: She ____ to school every day.', 'go', 'goes', 'going', 'gone', 'B', '2025-09-01 09:06:46'),
(48, 2, 'I ____ my homework yesterday.', 'do', 'did', 'does', 'done', 'B', '2025-09-01 09:06:46'),
(49, 2, 'Choose the correct article: I saw ___ cat on the roof.', 'a', 'an', 'the', 'no article', 'C', '2025-09-01 09:06:46'),
(50, 2, 'Select the correct synonym of \"happy\"', 'sad', 'angry', 'joyful', 'tired', 'C', '2025-09-01 09:06:46'),
(51, 2, 'Fill in: I have ___ apple.', 'a', 'an', 'the', 'no article', 'B', '2025-09-01 09:06:46'),
(52, 2, 'Choose the correct preposition: He is good ___ math.', 'in', 'at', 'on', 'for', 'B', '2025-09-01 09:06:46'),
(53, 2, 'What is the opposite of \"fast\"?', 'slow', 'quick', 'rapid', 'swift', 'A', '2025-09-01 09:06:46'),
(54, 2, 'Select the correct past form: They ____ to the park.', 'go', 'went', 'gone', 'going', 'B', '2025-09-01 09:06:46'),
(55, 2, 'Which word is a noun?', 'run', 'quickly', 'happiness', 'blue', 'C', '2025-09-01 09:06:46'),
(56, 2, 'Choose correct sentence: \"She can sings well.\"', 'She can sings well.', 'She can sing well.', 'She can sang well.', 'She can song well.', 'B', '2025-09-01 09:06:46'),
(57, 2, 'Fill in: I am interested ___ music.', 'in', 'on', 'at', 'for', 'A', '2025-09-01 09:06:46'),
(58, 2, 'Select the correct plural: mouse', 'mouses', 'mice', 'mouse', 'meese', 'B', '2025-09-01 09:06:46'),
(59, 2, 'Choose the correct tense: He ___ TV now.', 'watches', 'watch', 'is watching', 'watched', 'C', '2025-09-01 09:06:46'),
(60, 2, 'Opposite of \"easy\"?', 'hard', 'simple', 'light', 'small', 'A', '2025-09-01 09:06:46'),
(61, 2, 'Fill in: We ___ going to the cinema.', 'is', 'are', 'am', 'be', 'B', '2025-09-01 09:06:46'),
(62, 2, 'Choose correct: I have never ___ to London.', 'go', 'went', 'gone', 'been', 'D', '2025-09-01 09:06:46'),
(63, 2, 'What is the comparative of \"good\"?', 'better', 'best', 'gooder', 'more good', 'A', '2025-09-01 09:06:46'),
(64, 2, 'Fill in: She has two brothers ___ one sister.', 'and', 'or', 'but', 'so', 'A', '2025-09-01 09:06:46'),
(65, 2, 'Select the correct question: ___ you like pizza?', 'Do', 'Does', 'Are', 'Is', 'A', '2025-09-01 09:06:46'),
(106, 4, 'Unit of force is?', 'Newton', 'Joule', 'Watt', 'Pascal', 'A', '2025-09-01 09:15:27'),
(107, 4, 'Speed formula?', 's = v/t', 'v = s/t', 't = s/v', 'a = v/t', 'B', '2025-09-01 09:15:27'),
(108, 4, 'Acceleration unit?', 'm/s²', 'm/s', 'm²/s', 'kg', 'A', '2025-09-01 09:15:27'),
(109, 4, 'Weight formula?', 'W = mg', 'W = mv', 'W = m/g', 'W = m + g', 'A', '2025-09-01 09:15:27'),
(110, 4, 'Energy unit?', 'Joule', 'Newton', 'Watt', 'Pascal', 'A', '2025-09-01 09:15:27'),
(111, 4, 'Velocity formula?', 'v = s/t', 'v = t/s', 'v = s×t', 'v = s + t', 'A', '2025-09-01 09:15:27'),
(112, 4, '1 km = ? m', '100', '1000', '10', '10000', 'B', '2025-09-01 09:15:27'),
(113, 4, 'Light speed approx?', '3×10^8 m/s', '3×10^6 m/s', '3×10^5 m/s', '3×10^3 m/s', 'A', '2025-09-01 09:15:27'),
(114, 4, 'Gravity acceleration on Earth?', '9.8 m/s²', '10 m/s²', '9.8 m/s', '10 m/s', 'A', '2025-09-01 09:15:27'),
(115, 4, 'Which is scalar quantity?', 'Velocity', 'Speed', 'Force', 'Momentum', 'B', '2025-09-01 09:15:27'),
(116, 4, 'Which is vector quantity?', 'Speed', 'Distance', 'Displacement', 'Time', 'C', '2025-09-01 09:15:27'),
(117, 4, 'Ohm’s law formula?', 'V = IR', 'P = IV', 'E = mc²', 'F = ma', 'A', '2025-09-01 09:15:27'),
(118, 4, 'Unit of power?', 'Watt', 'Joule', 'Newton', 'Pascal', 'A', '2025-09-01 09:15:27'),
(119, 4, '1 N = ?', '1 kg·m/s²', '1 kg·m²/s²', '1 kg·m/s', '1 kg·m/s³', 'A', '2025-09-01 09:15:27'),
(120, 4, 'Frequency unit?', 'Hz', 'W', 'J', 'N', 'A', '2025-09-01 09:15:27'),
(121, 4, 'Wavelength formula?', 'λ = v/f', 'λ = f/v', 'λ = v×f', 'λ = v+f', 'A', '2025-09-01 09:15:27'),
(122, 4, 'Potential energy formula?', 'PE = mgh', 'KE = ½ mv²', 'F = ma', 'E = mc²', 'A', '2025-09-01 09:15:27'),
(123, 4, 'Kinetic energy formula?', 'KE = ½ mv²', 'PE = mgh', 'F = ma', 'E = mc²', 'A', '2025-09-01 09:15:27'),
(124, 4, 'Which is SI unit of mass?', 'kg', 'g', 'lb', 'N', 'A', '2025-09-01 09:15:27'),
(125, 4, 'Momentum formula?', 'p = mv', 'F = ma', 'E = mc²', 'KE = ½ mv²', 'A', '2025-09-01 09:15:27'),
(406, 20, 'Đơn vị đo độ dài trong hệ SI là?', 'mét (m)', 'centimet (cm)', 'kilomet (km)', 'milimet (mm)', 'A', '2025-09-02 17:53:33'),
(407, 20, 'Dụng cụ nào dùng để đo chiều dài?', 'Cân', 'Thước', 'Nhiệt kế', 'Đồng hồ', 'B', '2025-09-02 17:53:33'),
(408, 20, '1 km bằng bao nhiêu mét?', '10 m', '100 m', '1000 m', '10000 m', 'C', '2025-09-02 17:53:33'),
(409, 20, 'Khối lượng đo bằng đơn vị nào?', 'mét', 'kilogram', 'giây', 'Niu-tơn', 'B', '2025-09-02 17:53:33'),
(410, 20, 'Dụng cụ nào dùng để đo khối lượng?', 'Thước kẻ', 'Cân', 'Đồng hồ', 'Ống đong', 'B', '2025-09-02 17:53:33'),
(411, 20, 'Thời gian đo bằng đơn vị nào?', 'giây (s)', 'mét (m)', 'kg', 'N', 'A', '2025-09-02 17:53:33'),
(412, 20, 'Dụng cụ nào dùng để đo thời gian?', 'Đồng hồ', 'Thước', 'Cân', 'Nhiệt kế', 'A', '2025-09-02 17:53:33'),
(413, 20, 'Lực có đơn vị đo là gì?', 'kg', 'm', 'N', 'J', 'C', '2025-09-02 17:53:33'),
(414, 20, 'Dụng cụ đo lực là gì?', 'Cân', 'Lực kế', 'Thước kẻ', 'Đồng hồ', 'B', '2025-09-02 17:53:33'),
(415, 20, 'Trọng lực có phương nào?', 'Nằm ngang', 'Thẳng đứng, hướng xuống', 'Xiên 45°', 'Hướng lên', 'B', '2025-09-02 17:53:33'),
(416, 20, 'Khối lượng riêng có đơn vị là?', 'kg', 'm³', 'kg/m³', 'N', 'C', '2025-09-02 17:53:33'),
(417, 20, 'Trọng lượng của một vật là gì?', 'Khối lượng', 'Lực hút của Trái Đất', 'Thể tích', 'Độ dài', 'B', '2025-09-02 17:53:33'),
(418, 20, 'Công thức tính trọng lượng P là gì?', 'P = F/s', 'P = m.g', 'P = v/t', 'P = U.I', 'B', '2025-09-02 17:53:33'),
(419, 20, 'Một vật nặng 10 kg thì trọng lượng gần bằng?', '100 N', '10 N', '1 N', '1000 N', 'A', '2025-09-02 17:53:33'),
(420, 20, 'Hiện tượng nóng chảy là?', 'Rắn sang lỏng', 'Lỏng sang rắn', 'Khí sang rắn', 'Khí sang lỏng', 'A', '2025-09-02 17:53:33'),
(421, 20, 'Hiện tượng đông đặc là?', 'Lỏng sang rắn', 'Rắn sang lỏng', 'Khí sang lỏng', 'Khí sang rắn', 'A', '2025-09-02 17:53:33'),
(422, 20, 'Hiện tượng bay hơi khác hiện tượng sôi ở điểm nào?', 'Xảy ra ở mọi nhiệt độ', 'Chỉ ở 100°C', 'Chỉ trên mặt thoáng', 'Cả A và C đúng', 'D', '2025-09-02 17:53:33'),
(423, 20, 'Đơn vị đo nhiệt độ trong hệ SI là?', '°C', 'K', '°F', 'J', 'B', '2025-09-02 17:53:33'),
(424, 20, 'Nhiệt kế y tế có đặc điểm gì?', 'Dùng rượu màu', 'Có chỗ thắt để giữ Hg', 'Thang đến 1000°C', 'Dùng điện trở', 'B', '2025-09-02 17:53:33'),
(425, 20, 'Âm truyền được trong?', 'Chân không', 'Rắn, lỏng, khí', 'Chỉ khí', 'Chỉ lỏng', 'B', '2025-09-02 17:53:33'),
(426, 20, 'Âm không truyền được trong?', 'Nước', 'Không khí', 'Chân không', 'Thép', 'C', '2025-09-02 17:53:33'),
(427, 20, 'Độ cao của âm phụ thuộc vào?', 'Biên độ', 'Tần số', 'Năng lượng', 'Áp suất', 'B', '2025-09-02 17:53:33'),
(428, 20, 'Âm to hay nhỏ phụ thuộc vào?', 'Biên độ', 'Tần số', 'Chiều dài', 'Màu sắc', 'A', '2025-09-02 17:53:33'),
(429, 20, 'Tai người nghe được âm có tần số?', '20Hz - 20kHz', '2Hz - 200Hz', '200kHz - 2MHz', '1Hz - 10Hz', 'A', '2025-09-02 17:53:33'),
(430, 20, 'Nguồn phát ra âm là gì?', 'Dao động', 'Khúc xạ', 'Phản xạ', 'Nhiệt', 'A', '2025-09-02 17:53:33'),
(431, 20, 'Ánh sáng truyền theo đường?', 'Cong', 'Zigzag', 'Ngẫu nhiên', 'Thẳng', 'D', '2025-09-02 17:53:33'),
(432, 20, 'Bóng tối xuất hiện khi?', 'Có giao thoa', 'Ánh sáng bị cản', 'Có tán sắc', 'Có khúc xạ', 'B', '2025-09-02 17:53:33'),
(433, 20, 'Gương phẳng cho ảnh?', 'Ảnh ảo, cùng chiều, bằng vật', 'Ảnh thật, ngược chiều', 'Ảnh phóng đại', 'Ảnh thu nhỏ', 'A', '2025-09-02 17:53:33'),
(434, 20, 'Thấu kính hội tụ có tác dụng gì?', 'Phân kỳ tia sáng', 'Không đổi hướng tia sáng', 'Hội tụ tia sáng', 'Không có tác dụng', 'C', '2025-09-02 17:53:33'),
(435, 20, 'Mắt cận phải đeo kính gì?', 'Phân kỳ', 'Hội tụ', 'Gương phẳng', 'Không cần kính', 'A', '2025-09-02 17:53:33'),
(436, 20, 'Hiện tượng tán sắc ánh sáng tạo ra?', 'Cầu vồng', 'Bóng tối', 'Ảnh', 'Nhiệt', 'A', '2025-09-02 17:53:33'),
(437, 20, 'Áp suất được tính bằng công thức nào?', 'p = F/S', 'p = m.g', 'p = U.I', 'p = s/t', 'A', '2025-09-02 17:53:33'),
(438, 20, 'Đơn vị áp suất trong hệ SI là?', 'Pa', 'N', 'kg', 'm²', 'A', '2025-09-02 17:53:33'),
(439, 20, 'Đi giày đinh dễ làm hỏng sàn gỗ vì?', 'Áp suất lớn do diện tích nhỏ', 'Vì nhẹ', 'Vì nóng', 'Vì có nam châm', 'A', '2025-09-02 17:53:33'),
(440, 20, 'Nồi áp suất giúp nấu nhanh hơn vì?', 'Áp suất giảm', 'Áp suất tăng nên nhiệt độ sôi tăng', 'Không đổi', 'Giảm nhiệt độ sôi', 'B', '2025-09-02 17:53:33'),
(441, 20, 'Thí nghiệm đo thể tích hòn đá bằng bình tràn dựa trên?', 'Thể tích nước tràn ra = thể tích hòn đá', 'Khối lượng nước = khối lượng hòn đá', 'Diện tích bằng nhau', 'Không liên quan', 'A', '2025-09-02 17:53:33'),
(442, 20, 'Âm thanh truyền nhanh nhất trong?', 'Khí', 'Lỏng', 'Rắn', 'Chân không', 'C', '2025-09-02 17:53:33'),
(443, 20, 'Nguồn điện có tác dụng gì?', 'Duy trì hiệu điện thế', 'Sinh khối lượng', 'Tạo ánh sáng', 'Tạo nhiệt độ', 'A', '2025-09-02 17:53:33'),
(444, 20, 'Dụng cụ đo cường độ dòng điện?', 'Vôn kế', 'Ampe kế', 'Ôm kế', 'Nhiệt kế', 'B', '2025-09-02 17:53:33'),
(445, 20, 'Công suất điện được tính bằng công thức?', 'P = U.I', 'P = F.s', 'P = m.g.h', 'P = Q/t', 'A', '2025-09-02 17:53:33'),
(446, 21, 'Định luật Acsimet nói về lực nào?', 'Lực đẩy của chất lỏng', 'Lực hút Trái Đất', 'Lực ma sát', 'Lực đàn hồi', 'A', '2025-09-02 17:53:33'),
(447, 21, 'Một vật nổi khi nào?', 'Lực đẩy > Trọng lượng', 'Lực đẩy < Trọng lượng', 'Không có lực đẩy', 'Hai lực bằng 0', 'A', '2025-09-02 17:53:33'),
(448, 21, 'Đơn vị áp suất trong hệ SI là?', 'Pa', 'N', 'J', 'kg', 'A', '2025-09-02 17:53:33'),
(449, 21, 'Công cơ học được thực hiện khi nào?', 'Có lực và có chuyển dời', 'Có lực nhưng không dời', 'Không lực', 'Không khối lượng', 'A', '2025-09-02 17:53:33'),
(450, 21, 'Công suất cơ học bằng?', 'A/t', 'F.s', 'm.g.h', 'Q/t', 'A', '2025-09-02 17:53:33'),
(451, 21, 'Một người kéo hòm hàng 50kg trên sàn. Lực ma sát có tác dụng gì?', 'Cản trở chuyển động', 'Làm vật đi nhanh hơn', 'Tăng trọng lượng', 'Giảm thể tích', 'A', '2025-09-02 17:53:33'),
(452, 21, 'Momen lực phụ thuộc vào?', 'Độ lớn lực và cánh tay đòn', 'Khối lượng', 'Thể tích', 'Nhiệt độ', 'A', '2025-09-02 17:53:33'),
(453, 21, 'Điều kiện cân bằng của đòn bẩy?', 'Momen lực cân bằng', 'Hai lực bằng nhau', 'Có ma sát', 'Không có lực', 'A', '2025-09-02 17:53:33'),
(454, 21, 'Máy cơ đơn giản có tác dụng?', 'Thay đổi lực hoặc hướng lực', 'Tăng khối lượng', 'Giảm thể tích', 'Sinh nhiệt', 'A', '2025-09-02 17:53:33'),
(455, 21, 'Hiệu suất của máy cơ ≤?', '100%', '50%', '200%', '0%', 'A', '2025-09-02 17:53:33'),
(456, 21, 'Dòng điện là dòng chuyển dời của?', 'Electron', 'Proton', 'Neutron', 'Photon', 'A', '2025-09-02 17:53:33'),
(457, 21, 'Đơn vị cường độ dòng điện?', 'A', 'V', 'Ω', 'W', 'A', '2025-09-02 17:53:33'),
(458, 21, 'Hiệu điện thế ký hiệu?', 'U', 'I', 'R', 'P', 'A', '2025-09-02 17:53:33'),
(459, 21, 'Nguồn điện hóa học gồm?', 'Pin, ắc quy', 'Máy phát điện', 'Đèn pin', 'Điện trở', 'A', '2025-09-02 17:53:33'),
(460, 21, 'Điện trở có đơn vị?', 'Ω', 'V', 'A', 'W', 'A', '2025-09-02 17:53:33'),
(461, 21, 'Điện trở R = U/I là hệ quả của?', 'Định luật Ôm', 'Định luật Jun', 'Định luật Acsimet', 'Định luật Pascal', 'A', '2025-09-02 17:53:33'),
(462, 21, 'Công thức tính điện năng?', 'A = UIt', 'A = F.s', 'A = m.g', 'A = P/t', 'A', '2025-09-02 17:53:33'),
(463, 21, 'Công suất điện?', 'P = U.I', 'P = I/R', 'P = R/I', 'P = F.s', 'A', '2025-09-02 17:53:33'),
(464, 21, 'Đèn sợi đốt sáng nhờ?', 'Dòng điện làm nóng sợi đốt', 'Từ trường', 'Khúc xạ', 'Tán sắc', 'A', '2025-09-02 17:53:33'),
(465, 21, 'Cầu chì có tác dụng?', 'Ngắt mạch khi quá tải', 'Làm sáng', 'Tạo nhiệt', 'Tạo âm', 'A', '2025-09-02 17:53:33'),
(466, 21, 'Hiện tượng khúc xạ là?', 'Tia sáng đổi hướng khi qua mặt phân cách', 'Ánh sáng bị cản', 'Ánh sáng truyền thẳng', 'Ánh sáng tán sắc', 'A', '2025-09-02 17:53:33'),
(467, 21, 'Gương cầu lồi cho ảnh?', 'Ảnh ảo, nhỏ hơn', 'Ảnh thật', 'Ảnh lớn hơn', 'Không có ảnh', 'A', '2025-09-02 17:53:33'),
(468, 21, 'Gương cầu lõm có thể cho ảnh?', 'Ảnh thật hoặc ảo', 'Chỉ ảo', 'Chỉ thật', 'Không có', 'A', '2025-09-02 17:53:33'),
(469, 21, 'Thấu kính phân kỳ cho ảnh?', 'Ảnh ảo, nhỏ hơn', 'Ảnh thật', 'Ảnh bằng vật', 'Ảnh lớn', 'A', '2025-09-02 17:53:33'),
(470, 21, 'Ánh sáng trắng gồm?', 'Nhiều màu', 'Một màu', 'Không màu', 'Tím', 'A', '2025-09-02 17:53:33'),
(471, 21, 'Lăng kính có tác dụng?', 'Phân tích ánh sáng trắng', 'Phản xạ toàn phần', 'Khuếch đại âm', 'Sinh điện', 'A', '2025-09-02 17:53:33'),
(472, 21, 'Âm phát ra khi?', 'Vật dao động', 'Vật đứng yên', 'Có ánh sáng', 'Có dòng điện', 'A', '2025-09-02 17:53:33'),
(473, 21, 'Độ cao âm phụ thuộc?', 'Tần số', 'Biên độ', 'Pha', 'Môi trường', 'A', '2025-09-02 17:53:33'),
(474, 21, 'Âm to nhỏ phụ thuộc?', 'Biên độ', 'Tần số', 'Khối lượng', 'Màu sắc', 'A', '2025-09-02 17:53:33'),
(475, 21, 'Âm không truyền trong?', 'Chân không', 'Không khí', 'Nước', 'Thép', 'A', '2025-09-02 17:53:33'),
(476, 21, 'Sự nở vì nhiệt của chất rắn xảy ra khi?', 'Nhiệt độ tăng', 'Nhiệt độ giảm', 'Áp suất tăng', 'Khối lượng tăng', 'A', '2025-09-02 17:53:33'),
(477, 21, 'Chất lỏng có đặc điểm nở nhiệt?', 'Nở nhiều hơn rắn', 'Không nở', 'Nở ít hơn rắn', 'Nở bằng rắn', 'A', '2025-09-02 17:53:33'),
(478, 21, 'Hiện tượng đông đặc là?', 'Lỏng → rắn', 'Rắn → lỏng', 'Khí → lỏng', 'Khí → rắn', 'A', '2025-09-02 17:53:33'),
(479, 21, 'Hiện tượng bay hơi xảy ra khi?', 'Mọi nhiệt độ', 'Chỉ 100°C', 'Chỉ 0°C', 'Chỉ áp suất cao', 'A', '2025-09-02 17:53:33'),
(480, 21, 'Vì sao bơm hơi vào bánh xe đạp dễ lăn hơn?', 'Áp suất tăng làm giảm ma sát lăn', 'Vì xe nhẹ hơn', 'Vì xe đẹp hơn', 'Vì tăng trọng lượng', 'A', '2025-09-02 17:53:33'),
(481, 21, 'Tại sao nên dùng nồi áp suất khi nấu ăn?', 'Làm tăng nhiệt độ sôi', 'Giảm nhiệt độ sôi', 'Giữ nhiệt thấp', 'Không đổi', 'A', '2025-09-02 17:53:33'),
(482, 21, 'Đo cường độ dòng điện phải dùng?', 'Ampe kế nối tiếp', 'Vôn kế song song', 'Ôm kế', 'Lực kế', 'A', '2025-09-02 17:53:33'),
(483, 21, 'Đo hiệu điện thế phải dùng?', 'Vôn kế song song', 'Ampe kế nối tiếp', 'Ôm kế', 'Lực kế', 'A', '2025-09-02 17:53:33'),
(484, 21, 'Trong thí nghiệm với gương phẳng, ảnh của vật có tính chất?', 'Ảnh ảo, cùng chiều, bằng vật', 'Ảnh thật', 'Ảnh ngược chiều', 'Ảnh nhỏ hơn', 'A', '2025-09-02 17:53:33'),
(485, 21, 'Khi dùng nhiệt kế thủy ngân, cần?', 'Đặt mắt ngang với vạch', 'Nhìn từ trên xuống', 'Đặt nghiêng', 'Không cần chú ý', 'A', '2025-09-02 17:53:33'),
(486, 22, 'Công cơ học bằng công thức nào?', 'A=F.s', 'A=UIt', 'A=m.c.Δt', 'A=I²R', 'A', '2025-09-02 17:53:33'),
(487, 22, 'Đơn vị công suất cơ học?', 'W', 'N', 'J', 'Pa', 'A', '2025-09-02 17:53:33'),
(488, 22, 'Điều kiện cân bằng của vật rắn chịu tác dụng hai lực?', 'Hai lực cùng giá, ngược chiều, cùng độ lớn', 'Hai lực bất kỳ', 'Hai lực song song', 'Hai lực vuông góc', 'A', '2025-09-02 17:53:33'),
(489, 22, 'Một máy có công thực hiện 200J trong 10s. Công suất?', '20W', '200W', '2W', '0.2W', 'A', '2025-09-02 17:53:33'),
(490, 22, 'Động năng phụ thuộc vào?', 'Khối lượng và vận tốc', 'Trọng lượng', 'Thể tích', 'Chiều cao', 'A', '2025-09-02 17:53:33'),
(491, 22, 'Thế năng trọng trường phụ thuộc vào?', 'Độ cao và khối lượng', 'Thời gian', 'Nhiệt độ', 'Khối lượng riêng', 'A', '2025-09-02 17:53:33'),
(492, 22, 'Động năng có đơn vị?', 'J', 'N', 'Pa', 'W', 'A', '2025-09-02 17:53:33'),
(493, 22, 'Cơ năng là tổng của?', 'Động năng và thế năng', 'Công và công suất', 'Nhiệt và ánh sáng', 'Điện và nhiệt', 'A', '2025-09-02 17:53:33'),
(494, 22, 'Một vật 2kg ở độ cao 5m. Thế năng?', '100J', '10J', '50J', '5J', 'A', '2025-09-02 17:53:33'),
(495, 22, 'Bảo toàn cơ năng đúng khi?', 'Không có ma sát, lực cản', 'Có ma sát lớn', 'Có ma sát nhỏ', 'Có lực ngoài', 'A', '2025-09-02 17:53:33'),
(496, 22, 'Định luật Jun–Lenxơ biểu diễn?', 'Q=I²Rt', 'A=F.s', 'P=U.I', 'Q=m.c.Δt', 'A', '2025-09-02 17:53:33'),
(497, 22, 'Công suất điện có đơn vị?', 'W', 'A', 'V', 'Ω', 'A', '2025-09-02 17:53:33'),
(498, 22, 'Điện năng tiêu thụ trong 2h của bóng đèn 100W?', '0.2kWh', '200kWh', '20kWh', '2kWh', 'A', '2025-09-02 17:53:33'),
(499, 22, 'Máy biến áp có tác dụng?', 'Biến đổi điện áp', 'Phát sáng', 'Đo điện trở', 'Sinh công cơ', 'A', '2025-09-02 17:53:33'),
(500, 22, 'Dòng điện xoay chiều có đặc điểm?', 'Cường độ biến thiên tuần hoàn', 'Cường độ không đổi', 'Chỉ một chiều', 'Không đổi dấu', 'A', '2025-09-02 17:53:33'),
(501, 22, 'Điện trở tương đương mắc nối tiếp?', 'R=R1+R2+...', '1/R=1/R1+1/R2', 'Bằng R nhỏ nhất', 'Bằng R lớn nhất', 'A', '2025-09-02 17:53:33'),
(502, 22, 'Điện trở tương đương mắc song song?', '1/R=1/R1+1/R2', 'R=R1+R2', 'Bằng R lớn nhất', 'R=U/I', 'A', '2025-09-02 17:53:33'),
(503, 22, 'Cầu chì bảo vệ mạch bằng?', 'Đứt khi dòng quá lớn', 'Tăng dòng điện', 'Giữ điện áp không đổi', 'Sinh công', 'A', '2025-09-02 17:53:33'),
(504, 22, 'Động cơ điện biến đổi điện năng thành?', 'Cơ năng', 'Quang năng', 'Nhiệt năng', 'Hóa năng', 'A', '2025-09-02 17:53:33'),
(505, 22, 'Ắc quy thuộc loại nguồn điện nào?', 'Hóa học', 'Quang điện', 'Nhiệt điện', 'Pin mặt trời', 'A', '2025-09-02 17:53:33'),
(506, 22, 'Chiết suất tỉ lệ thế nào với vận tốc ánh sáng?', 'n=c/v', 'n=v/c', 'n=c+v', 'n=v-c', 'A', '2025-09-02 17:53:33'),
(507, 22, 'Hiện tượng phản xạ toàn phần xảy ra khi?', 'Tia từ môi trường chiết suất lớn sang nhỏ với góc tới lớn', 'Mọi trường hợp', 'Từ chiết suất nhỏ sang lớn', 'Trong không khí', 'A', '2025-09-02 17:53:33'),
(508, 22, 'Máy ảnh hoạt động dựa trên?', 'Thấu kính hội tụ', 'Gương cầu', 'Gương phẳng', 'Thấu kính phân kỳ', 'A', '2025-09-02 17:53:33'),
(509, 22, 'Kính hiển vi sử dụng?', 'Hai thấu kính hội tụ', 'Hai gương phẳng', 'Một thấu kính phân kỳ', 'Một gương cầu', 'A', '2025-09-02 17:53:33'),
(510, 22, 'Lăng kính dùng để?', 'Phân tích ánh sáng trắng', 'Khuếch đại âm', 'Sinh nhiệt', 'Đo điện', 'A', '2025-09-02 17:53:33'),
(511, 22, 'Phim chụp ảnh hoạt động nhờ?', 'Hiện tượng quang điện', 'Hiện tượng điện từ', 'Hiện tượng nhiệt', 'Hiện tượng từ', 'A', '2025-09-02 17:53:33'),
(512, 22, 'Âm có thể phản xạ tạo thành?', 'Tiếng vang', 'Cầu vồng', 'Ảnh', 'Nhiệt', 'A', '2025-09-02 17:53:33'),
(513, 22, 'Điều kiện có tiếng vang?', 'Thời gian ≥0.1s', 'Thời gian ≤0.01s', 'Khoảng cách <1m', 'Không có điều kiện', 'A', '2025-09-02 17:53:33'),
(514, 22, 'Âm sắc giúp phân biệt?', 'Các nguồn âm khác nhau', 'Độ cao', 'Độ to', 'Âm thanh mạnh', 'A', '2025-09-02 17:53:33'),
(515, 22, 'Âm truyền trong chất rắn thế nào so với khí?', 'Nhanh hơn', 'Chậm hơn', 'Bằng nhau', 'Không truyền', 'A', '2025-09-02 17:53:33'),
(516, 22, 'Nhiệt lượng Q tính bằng?', 'Q=m.c.Δt', 'Q=I²Rt', 'Q=F.s', 'Q=P.t', 'A', '2025-09-02 17:53:33'),
(517, 22, 'Đơn vị nhiệt lượng?', 'J', 'N', 'W', 'Pa', 'A', '2025-09-02 17:53:33'),
(518, 22, 'Sự dẫn nhiệt xảy ra chủ yếu trong?', 'Chất rắn', 'Chất lỏng', 'Khí', 'Chân không', 'A', '2025-09-02 17:53:33'),
(519, 22, 'Sự đối lưu xảy ra chủ yếu trong?', 'Chất lỏng, khí', 'Chất rắn', 'Chân không', 'Tất cả', 'A', '2025-09-02 17:53:33'),
(520, 22, 'Cầu vồng xuất hiện do?', 'Tán sắc ánh sáng', 'Khúc xạ', 'Giao thoa', 'Phản xạ', 'A', '2025-09-02 17:53:33'),
(521, 22, 'Kính lúp dùng để?', 'Tạo ảnh lớn', 'Tạo âm', 'Sinh nhiệt', 'Đo điện', 'A', '2025-09-02 17:53:33'),
(522, 22, 'Đo điện trở có thể dùng?', 'Ôm kế', 'Ampe kế', 'Vôn kế', 'Nhiệt kế', 'A', '2025-09-02 17:53:33'),
(523, 22, 'Đo hiệu điện thế cần mắc vôn kế?', 'Song song', 'Nối tiếp', 'Không cần', 'Ngẫu nhiên', 'A', '2025-09-02 17:53:33'),
(524, 22, 'Thí nghiệm giao thoa ánh sáng cần?', 'Hai khe hẹp đồng bộ', 'Một khe', 'Một gương', 'Một nguồn', 'A', '2025-09-02 17:53:33'),
(525, 22, 'Đo cường độ dòng điện cần mắc ampe kế?', 'Nối tiếp', 'Song song', 'Không cần', 'Ngẫu nhiên', 'A', '2025-09-02 17:53:33'),
(526, 23, 'Gia tốc rơi tự do g=?', '9.8 m/s²', '10 m/s²', '8 m/s²', '5 m/s²', 'A', '2025-09-02 17:53:33'),
(527, 23, 'Công thức tính vận tốc v trong chuyển động rơi tự do?', 'v=g.t', 'v=s/t', 'v=F/m', 'v=P.t', 'A', '2025-09-02 17:53:33'),
(528, 23, 'Quãng đường rơi tự do s=?', '1/2 g.t²', 'g.t', 'v.t', 'F.s', 'A', '2025-09-02 17:53:33'),
(529, 23, 'Một ô tô đi 72km/h. Vận tốc theo m/s?', '20 m/s', '72 m/s', '7.2 m/s', '2 m/s', 'A', '2025-09-02 17:53:33'),
(530, 23, 'Chuyển động ném ngang là hợp của?', 'Chuyển động đều ngang và rơi tự do', 'Chuyển động thẳng đều', 'Dao động', 'Quay tròn', 'A', '2025-09-02 17:53:33'),
(531, 23, 'Động lượng p=?', 'm.v', 'F.t', 'U.I', 'P.t', 'A', '2025-09-02 17:53:33'),
(532, 23, 'Công cơ học đơn vị?', 'J', 'N', 'W', 'Pa', 'A', '2025-09-02 17:53:33'),
(533, 23, 'Công suất cơ học đơn vị?', 'W', 'N', 'J', 'Pa', 'A', '2025-09-02 17:53:33'),
(534, 23, 'Một vật khối lượng 1kg có vận tốc 10m/s. Động năng?', '50J', '100J', '10J', '5J', 'A', '2025-09-02 17:53:33'),
(535, 23, 'Một vật 2kg ở độ cao 10m. Thế năng?', '200J', '20J', '2J', '100J', 'A', '2025-09-02 17:53:33'),
(536, 23, 'Định luật Ôm: I=?', 'U/R', 'R/U', 'U.I', 'P/U', 'A', '2025-09-02 17:53:33'),
(537, 23, 'Công suất điện P=?', 'U.I', 'I²R', 'U²/R', 'Cả 3 đúng', 'A', '2025-09-02 17:53:33'),
(538, 23, 'Điện năng A=?', 'UIt', 'I²Rt', 'U²/R.t', 'Cả 3 đúng', 'A', '2025-09-02 17:53:33'),
(539, 23, 'Hiệu điện thế đơn vị?', 'V', 'A', 'Ω', 'W', 'A', '2025-09-02 17:53:33'),
(540, 23, 'Điện trở dây phụ thuộc?', 'Chiều dài, tiết diện, vật liệu', 'Khối lượng', 'Nhiệt độ', 'Áp suất', 'A', '2025-09-02 17:53:33'),
(541, 23, 'Mạch song song điện áp trên các nhánh?', 'Bằng nhau', 'Khác nhau', 'Tỉ lệ R', 'Tỉ lệ I', 'A', '2025-09-02 17:53:33'),
(542, 23, 'Mạch nối tiếp dòng điện qua các phần tử?', 'Bằng nhau', 'Khác nhau', 'Tỉ lệ U', 'Tỉ lệ R', 'A', '2025-09-02 17:53:33'),
(543, 23, 'Công thức định luật Jun-Lenxơ?', 'Q=I²Rt', 'P=U.I', 'A=F.s', 'Q=m.c.Δt', 'A', '2025-09-02 17:53:33'),
(544, 23, 'Điện năng tiêu thụ đơn vị?', 'kWh', 'J/s', 'N', 'Pa', 'A', '2025-09-02 17:53:33'),
(545, 23, 'Cầu chì đứt khi?', 'Dòng quá lớn', 'Dòng nhỏ', 'Điện áp thấp', 'Điện trở cao', 'A', '2025-09-02 17:53:33'),
(546, 23, 'Phản xạ toàn phần ứng dụng trong?', 'Cáp quang', 'Kính hiển vi', 'Máy ảnh', 'Ống nhòm', 'A', '2025-09-02 17:53:33'),
(547, 23, 'Thấu kính hội tụ có tác dụng?', 'Hội tụ tia sáng', 'Phân kỳ tia sáng', 'Không đổi hướng', 'Không tác dụng', 'A', '2025-09-02 17:53:33'),
(548, 23, 'Gương cầu lõm có thể dùng làm?', 'Kính lúp', 'Đèn pha', 'Cả 2', 'Không cái nào', 'C', '2025-09-02 17:53:33'),
(549, 23, 'Quang phổ mặt trời gồm?', 'Liên tục nhiều màu', 'Một màu', 'Không màu', 'Tím', 'A', '2025-09-02 17:53:33'),
(550, 23, 'Hiện tượng quang điện chứng tỏ?', 'Ánh sáng có tính hạt', 'Ánh sáng có tính sóng', 'Ánh sáng chỉ khúc xạ', 'Ánh sáng chỉ phản xạ', 'A', '2025-09-02 17:53:33'),
(551, 23, 'Máy ảnh hoạt động dựa vào?', 'Thấu kính hội tụ', 'Thấu kính phân kỳ', 'Gương phẳng', 'Lăng kính', 'A', '2025-09-02 17:53:33'),
(552, 23, 'Độ cao âm phụ thuộc?', 'Tần số', 'Biên độ', 'Môi trường', 'Áp suất', 'A', '2025-09-02 17:53:33'),
(553, 23, 'Âm to nhỏ phụ thuộc?', 'Biên độ', 'Tần số', 'Khối lượng', 'Màu sắc', 'A', '2025-09-02 17:53:33'),
(554, 23, 'Tai người nghe 20Hz-20kHz gọi là?', 'Âm nghe được', 'Hạ âm', 'Siêu âm', 'Không nghe', 'A', '2025-09-02 17:53:33'),
(555, 23, 'Sóng âm truyền trong chất rắn thế nào?', 'Nhanh hơn chất khí', 'Chậm hơn', 'Bằng nhau', 'Không truyền', 'A', '2025-09-02 17:53:33'),
(556, 23, 'Nhiệt lượng Q=?', 'm.c.Δt', 'I²Rt', 'UIt', 'F.s', 'A', '2025-09-02 17:53:33'),
(557, 23, 'Đơn vị nhiệt lượng?', 'J', 'N', 'W', 'Pa', 'A', '2025-09-02 17:53:33'),
(558, 23, 'Sự bức xạ nhiệt xảy ra ở?', 'Mọi vật', 'Chỉ chất rắn', 'Chỉ lỏng', 'Chỉ khí', 'A', '2025-09-02 17:53:33'),
(559, 23, 'Sự đối lưu xảy ra trong?', 'Chất lỏng, khí', 'Chất rắn', 'Chân không', 'Không khí', 'A', '2025-09-02 17:53:33'),
(560, 23, 'Wi-Fi dùng sóng?', 'Vi ba', 'Âm', 'Nước', 'Địa chấn', 'A', '2025-09-02 17:53:33'),
(561, 23, 'Gương cầu lồi dùng làm?', 'Gương chiếu hậu', 'Gương trang điểm', 'Kính hiển vi', 'Ống nhòm', 'A', '2025-09-02 17:53:33'),
(562, 23, 'Đo điện trở bằng?', 'Ôm kế', 'Ampe kế', 'Vôn kế', 'Lực kế', 'A', '2025-09-02 17:53:33'),
(563, 23, 'Đo hiệu điện thế dùng?', 'Vôn kế song song', 'Ampe kế nối tiếp', 'Ôm kế', 'Nhiệt kế', 'A', '2025-09-02 17:53:33'),
(564, 23, 'Thí nghiệm Jun-Lenxơ chứng minh?', 'Dòng điện sinh nhiệt', 'Dòng điện sinh công', 'Dòng điện sinh quang', 'Dòng điện sinh từ', 'A', '2025-09-02 17:53:33'),
(565, 23, 'Thí nghiệm với con lắc cho biết?', 'Chu kỳ phụ thuộc chiều dài', 'Chu kỳ phụ thuộc khối lượng', 'Chu kỳ phụ thuộc biên độ', 'Chu kỳ không đổi', 'A', '2025-09-02 17:53:33'),
(566, 24, 'Định luật I Newton phát biểu về tính chất nào?', 'Quán tính', 'Gia tốc', 'Lực hấp dẫn', 'Khối lượng', 'A', '2025-09-02 17:53:33'),
(567, 24, 'Đơn vị của lực trong hệ SI là gì?', 'Joule', 'Newton', 'Pascal', 'Watt', 'B', '2025-09-02 17:53:33'),
(568, 24, 'Công thức tính vận tốc trong chuyển động thẳng đều là?', 'v=s/t', 'v=a.t', 'v=F/m', 'v=W/P', 'A', '2025-09-02 17:53:33'),
(569, 24, 'Động lượng được tính bằng?', 'p=m+v', 'p=m/v', 'p=m.v', 'p=F.t', 'C', '2025-09-02 17:53:33'),
(570, 24, 'Công suất có đơn vị là?', 'Joule', 'Watt', 'Newton', 'Volt', 'B', '2025-09-02 17:53:33'),
(571, 24, 'Thế năng hấp dẫn phụ thuộc vào đại lượng nào?', 'Khối lượng, độ cao, g', 'Khối lượng, vận tốc', 'Khối lượng, thời gian', 'Khối lượng, lực', 'A', '2025-09-02 17:53:33'),
(572, 24, 'Chuyển động nào sau đây là chuyển động tròn đều?', 'Ô tô vào cua', 'Trái Đất quay quanh Mặt Trời', 'Quạt điện đang quay', 'Máy bay cất cánh', 'C', '2025-09-02 17:53:33'),
(573, 24, 'Gia tốc hướng tâm trong chuyển động tròn đều có công thức?', 'a=v^2/r', 'a=F/m', 'a=s/t^2', 'a=v/t', 'A', '2025-09-02 17:53:33'),
(574, 24, 'Lực hấp dẫn giữa hai vật tỉ lệ thuận với?', 'Khối lượng', 'Bình phương khoảng cách', 'Gia tốc', 'Công suất', 'A', '2025-09-02 17:53:33'),
(575, 24, 'Thế năng đàn hồi có công thức?', '1/2 kx^2', 'mgh', '1/2 mv^2', 'F.s', 'A', '2025-09-02 17:53:33'),
(576, 24, 'Khi vật chuyển động tròn đều, đại lượng nào không đổi?', 'Vận tốc dài', 'Gia tốc hướng tâm', 'Tốc độ góc', 'Hợp lực', 'C', '2025-09-02 17:53:33'),
(577, 24, 'Khi không có lực tác dụng, vật sẽ?', 'Đứng yên', 'Chuyển động thẳng đều', 'Chuyển động tròn', 'Dừng lại', 'B', '2025-09-02 17:53:33'),
(578, 24, 'Đơn vị của áp suất là?', 'N', 'J', 'Pa', 'W', 'C', '2025-09-02 17:53:33'),
(579, 24, 'Trọng lực tác dụng lên vật có công thức?', 'P=m.v', 'P=m.a', 'P=m.g', 'P=F.s', 'C', '2025-09-02 17:53:33'),
(580, 24, 'Công cơ học là tích của?', 'Lực và quãng đường', 'Lực và thời gian', 'Lực và vận tốc', 'Lực và áp suất', 'A', '2025-09-02 17:53:33'),
(581, 24, 'Một vật đi được quãng đường 40m trong 5s. Vận tốc của vật là?', '4 m/s', '5 m/s', '8 m/s', '10 m/s', 'C', '2025-09-02 17:53:33'),
(582, 24, 'Một xe chạy với v=20 m/s trong 10s. Quãng đường đi được?', '100 m', '150 m', '200 m', '300 m', 'C', '2025-09-02 17:53:33'),
(583, 24, 'Một vật khối lượng 2kg rơi tự do sau 3s. Vận tốc đạt được (g=10)?', '20 m/s', '25 m/s', '30 m/s', '35 m/s', 'C', '2025-09-02 17:53:33'),
(584, 24, 'Một vật 5kg ở độ cao 4m. Thế năng là?', '20 J', '40 J', '100 J', '200 J', 'D', '2025-09-02 17:53:33'),
(585, 24, 'Một lực 30N tác dụng làm vật dịch chuyển 5m. Công thực hiện?', '100 J', '120 J', '150 J', '200 J', 'C', '2025-09-02 17:53:33'),
(586, 24, 'Một ô tô khối lượng 500kg chạy với vận tốc 10 m/s. Động năng?', '20000 J', '25000 J', '30000 J', '50000 J', 'B', '2025-09-02 17:53:33'),
(587, 24, 'Một vật chuyển động thẳng nhanh dần đều, v0=0, a=2 m/s², sau 5s đi được?', '20 m', '25 m', '30 m', '35 m', 'B', '2025-09-02 17:53:33'),
(588, 24, 'Một máy kéo thực hiện công A=2000 J trong t=50s. Công suất?', '20 W', '30 W', '40 W', '50 W', 'C', '2025-09-02 17:53:33'),
(589, 24, 'Một vật có khối lượng 4kg, vận tốc 3 m/s. Động lượng?', '6 kg.m/s', '12 kg.m/s', '15 kg.m/s', '20 kg.m/s', 'B', '2025-09-02 17:53:33'),
(590, 24, 'Một quả bóng được ném lên cao với v0=10 m/s. Độ cao cực đại?', '3 m', '4 m', '5 m', '6 m', 'C', '2025-09-02 17:53:33'),
(591, 24, 'Một vật có động năng 100 J và khối lượng 2kg. Vận tốc là?', '5 m/s', '7 m/s', '10 m/s', '15 m/s', 'C', '2025-09-02 17:53:33'),
(592, 24, 'Một vật chịu lực kéo 100N, dịch chuyển 2m. Công bằng?', '100 J', '150 J', '200 J', '250 J', 'C', '2025-09-02 17:53:33'),
(593, 24, 'Một quả cầu khối lượng 1kg treo ở độ cao 10m. Thế năng?', '10 J', '50 J', '100 J', '200 J', 'C', '2025-09-02 17:53:33'),
(594, 24, 'Một xe tăng tốc từ 0 lên 20 m/s trong 10s. Gia tốc?', '1 m/s²', '2 m/s²', '3 m/s²', '4 m/s²', 'B', '2025-09-02 17:53:33'),
(595, 24, 'Một vật đi được 80m trong 4s. Vận tốc?', '10 m/s', '15 m/s', '20 m/s', '25 m/s', 'C', '2025-09-02 17:53:33'),
(596, 24, 'Tại sao khi đi xe vào cua cần giảm tốc độ?', 'Giảm lực hướng tâm', 'Tăng ma sát', 'Tăng vận tốc', 'Giảm quán tính', 'A', '2025-09-02 17:53:33'),
(597, 24, 'Người ta đặt hàng nặng ở sàn thấp xe tải nhằm?', 'Giảm trọng lượng xe', 'Hạ trọng tâm', 'Dễ chất', 'Tăng vận tốc', 'B', '2025-09-02 17:53:33'),
(598, 24, 'Khi đi trên cát, người ta thường đi chân đất thay vì mang giày cao gót vì?', 'Áp suất nhỏ hơn', 'Áp suất lớn hơn', 'Trọng lượng thay đổi', 'Ma sát nhỏ', 'A', '2025-09-02 17:53:33'),
(599, 24, 'Khi chạy bộ, người ta thường nghiêng người ra trước vì?', 'Giảm quán tính', 'Tăng ma sát', 'Để lực đẩy hướng về phía trước', 'Giảm trọng lực', 'C', '2025-09-02 17:53:33'),
(600, 24, 'Khi nhảy dù, người ta mở dù để?', 'Giảm lực cản', 'Tăng lực cản không khí', 'Tăng trọng lượng', 'Giảm áp suất', 'B', '2025-09-02 17:53:33'),
(601, 24, 'Trong thí nghiệm rơi tự do, khi bỏ qua sức cản không khí, thời gian rơi của các vật khác khối lượng sẽ?', 'Giống nhau', 'Khác nhau', 'Tăng theo khối lượng', 'Giảm theo khối lượng', 'A', '2025-09-02 17:53:33'),
(602, 24, 'Trong thí nghiệm đo lực ma sát, lực kế phải kéo song song mặt bàn để?', 'Đo trọng lực', 'Đo đúng lực ma sát', 'Giảm lực kéo', 'Tăng vận tốc', 'B', '2025-09-02 17:53:33'),
(603, 24, 'Trong thí nghiệm lực đẩy Ác-si-mét, vật nổi khi?', 'Lực đẩy nhỏ hơn trọng lực', 'Lực đẩy bằng trọng lực', 'Lực đẩy lớn hơn trọng lực', 'Không có lực đẩy', 'C', '2025-09-02 17:53:33'),
(604, 24, 'Trong thí nghiệm Atwood, khi khối lượng hai bên bằng nhau thì gia tốc?', '0', 'Tăng', 'Giảm', 'Vô cùng', 'A', '2025-09-02 17:53:33'),
(605, 24, 'Khi dùng con lắc đơn đo g, chu kỳ dao động phụ thuộc vào?', 'Biên độ', 'Khối lượng', 'Chiều dài dây', 'Nhiệt độ', 'C', '2025-09-02 17:53:33'),
(606, 25, 'Điện trường là gì?', 'Không gian có lực điện', 'Không gian có sóng', 'Không gian có ánh sáng', 'Không gian có lực hấp dẫn', 'A', '2025-09-02 17:53:33'),
(607, 25, 'Đơn vị của điện tích là?', 'Coulomb', 'Volt', 'Ohm', 'Ampere', 'A', '2025-09-02 17:53:33'),
(608, 25, 'Cường độ điện trường có công thức?', 'E=F/q', 'E=U/R', 'E=I/R', 'E=P/t', 'A', '2025-09-02 17:53:33'),
(609, 25, 'Định luật Ôm cho toàn mạch?', 'I=E/(R+r)', 'I=U/R', 'I=R/U', 'I=P/U', 'A', '2025-09-02 17:53:33'),
(610, 25, 'Từ trường là gì?', 'Không gian có lực từ', 'Không gian có lực hấp dẫn', 'Không gian có ánh sáng', 'Không gian có điện trường', 'A', '2025-09-02 17:53:33'),
(611, 25, 'Định luật Lenxơ mô tả gì?', 'Chiều dòng điện cảm ứng', 'Độ lớn dòng điện', 'Điện dung', 'Điện trở', 'A', '2025-09-02 17:53:33'),
(612, 25, 'Khúc xạ ánh sáng xảy ra khi?', 'Ánh sáng đi từ môi trường này sang môi trường khác', 'Ánh sáng phản xạ', 'Ánh sáng giao thoa', 'Ánh sáng tán sắc', 'A', '2025-09-02 17:53:33'),
(613, 25, 'Chiết suất công thức n=?', 'n=c/v', 'n=v/c', 'n=f/λ', 'n=λ/f', 'A', '2025-09-02 17:53:33'),
(614, 25, 'Cường độ dòng điện đơn vị?', 'Ampere', 'Volt', 'Ohm', 'Watt', 'A', '2025-09-02 17:53:33'),
(615, 25, 'Suất điện động cảm ứng phụ thuộc?', 'Tốc độ biến thiên từ thông', 'Điện trở', 'Điện dung', 'Cường độ dòng điện', 'A', '2025-09-02 17:53:33'),
(616, 25, 'Ảnh tạo bởi gương phẳng?', 'Ảnh ảo, cùng chiều, bằng vật', 'Ảnh thật, ngược chiều', 'Ảnh phóng đại', 'Ảnh thu nhỏ', 'A', '2025-09-02 17:53:33'),
(617, 25, 'Thấu kính hội tụ tiêu điểm?', 'Hội tụ tia sáng song song', 'Làm phân kỳ', 'Không tác dụng', 'Tán sắc', 'A', '2025-09-02 17:53:33'),
(618, 25, 'Dòng điện trong kim loại do hạt nào?', 'Electron', 'Proton', 'Neutron', 'Ion dương', 'A', '2025-09-02 17:53:33'),
(619, 25, 'Dòng điện xoay chiều có đặc điểm?', 'Cường độ biến thiên theo thời gian', 'Cường độ không đổi', 'Điện áp không đổi', 'Điện trở thay đổi', 'A', '2025-09-02 17:53:33'),
(620, 25, 'Hiệu điện thế là gì?', 'Công của lực điện trên điện tích thử', 'Điện trở nhân dòng điện', 'Điện dung', 'Điện áp hiệu dụng', 'A', '2025-09-02 17:53:33'),
(621, 25, 'Một điện tích q=2C trong E=100 N/C. Lực tác dụng?', '50 N', '100 N', '200 N', '400 N', 'C', '2025-09-02 17:53:33'),
(622, 25, 'Bóng đèn 220V-100W. Dòng điện qua đèn?', '0.1 A', '0.25 A', '0.45 A', '0.55 A', 'C', '2025-09-02 17:53:33'),
(623, 25, 'Điện trở 20Ω mắc U=100V. Cường độ dòng điện?', '2 A', '4 A', '5 A', '10 A', 'C', '2025-09-02 17:53:33'),
(624, 25, 'Hai điện trở 20Ω và 30Ω nối tiếp. R tương đương?', '10Ω', '25Ω', '50Ω', '60Ω', 'C', '2025-09-02 17:53:33'),
(625, 25, 'Hai điện trở 20Ω và 30Ω song song. R tương đương?', '10Ω', '12Ω', '15Ω', '50Ω', 'B', '2025-09-02 17:53:33'),
(626, 25, 'Tụ điện C=10µF, U=100V. Điện tích Q?', '0.001 C', '0.01 C', '0.1 C', '1 C', 'A', '2025-09-02 17:53:33'),
(627, 25, 'Dòng I=2A trong 10s. Điện tích dịch chuyển?', '10 C', '20 C', '25 C', '15 C', 'B', '2025-09-02 17:53:33'),
(628, 25, 'U=220V, I=2A. Công suất P?', '220 W', '240 W', '440 W', '500 W', 'C', '2025-09-02 17:53:33'),
(629, 25, 'Cuộn dây R=10Ω, E=5V. Dòng điện I?', '0.2 A', '0.4 A', '0.5 A', '1 A', 'C', '2025-09-02 17:53:33'),
(630, 25, 'Tia sáng vào nước từ không khí, góc tới 30°, n=4/3. Góc khúc xạ?', '22°', '25°', '30°', '45°', 'A', '2025-09-02 17:53:33'),
(631, 25, 'Thấu kính hội tụ f=20cm, vật cách 40cm. Ảnh cách kính?', '10 cm', '20 cm', '30 cm', '40 cm', 'B', '2025-09-02 17:53:33'),
(632, 25, 'Gương cầu lõm f=15cm, vật cách 30cm. Ảnh cách gương?', '10 cm', '15 cm', '20 cm', '30 cm', 'D', '2025-09-02 17:53:33'),
(633, 25, 'Mạch có R=10Ω, U=20V. Dòng I?', '1 A', '2 A', '3 A', '4 A', 'B', '2025-09-02 17:53:33'),
(634, 25, 'Điện trở 60Ω nối tiếp 40Ω, U=100V. I?', '0.5 A', '1 A', '1.5 A', '2 A', 'B', '2025-09-02 17:53:33'),
(635, 25, 'Điện tích q=5C, công A=50J. Hiệu điện thế U?', '5 V', '10 V', '15 V', '20 V', 'B', '2025-09-02 17:53:33'),
(636, 25, 'Sét là hiện tượng gì?', 'Phóng điện khí quyển', 'Khúc xạ', 'Tán sắc', 'Nhiệt', 'A', '2025-09-02 17:53:33'),
(637, 25, 'Dây điện cao thế đặt cao để?', 'Giảm hao phí', 'An toàn', 'Tăng hiệu suất', 'Cả 3', 'D', '2025-09-02 17:53:33'),
(638, 25, 'Kính cận dùng thấu kính phân kỳ để?', 'Giảm độ tụ mắt', 'Tăng tiêu cự', 'Hội tụ', 'Tán sắc', 'A', '2025-09-02 17:53:33'),
(639, 25, 'Mở tủ lạnh thấy hơi nước đọng do?', 'Ngưng tụ', 'Bay hơi', 'Thăng hoa', 'Nóng chảy', 'A', '2025-09-02 17:53:33'),
(640, 25, 'Điện giật nguy hiểm chủ yếu do?', 'Điện áp', 'Điện trở', 'Cường độ dòng điện', 'Điện dung', 'C', '2025-09-02 17:53:33'),
(641, 25, 'Thí nghiệm khúc xạ ánh sáng: tăng góc tới thì góc khúc xạ?', 'Tăng', 'Giảm', 'Không đổi', '0', 'A', '2025-09-02 17:53:33'),
(642, 25, 'Vật ngoài tiêu điểm thấu kính hội tụ cho ảnh?', 'Ảnh thật, ngược chiều', 'Ảnh ảo, cùng chiều', 'Ảnh phóng đại', 'Ảnh mờ', 'A', '2025-09-02 17:53:33'),
(643, 25, 'Thí nghiệm cảm ứng điện từ: tăng số vòng dây thì E?', 'Tăng', 'Giảm', 'Không đổi', '0', 'A', '2025-09-02 17:53:33'),
(644, 25, 'Thí nghiệm giao thoa ánh sáng: tăng khoảng cách khe thì vân?', 'Hẹp lại', 'Rộng ra', 'Không đổi', 'Biến mất', 'A', '2025-09-02 17:53:33'),
(645, 25, 'Đo điện trở bằng Ampe kế, Vôn kế: R=?', 'U/I', 'I/U', 'U.I', 'P/U', 'A', '2025-09-02 17:53:33'),
(646, 26, 'Phương trình dao động điều hòa?', 'x=A sin(ωt+φ)', 'x=vt', 'x=at^2/2', 'x=F/m', 'A', '2025-09-02 17:53:33'),
(647, 26, 'Chu kỳ con lắc lò xo?', 'T=2π√(m/k)', 'T=2π√(l/g)', 'T=2π√(1/g)', 'T=2π√(k/m)', 'A', '2025-09-02 17:53:33'),
(648, 26, 'Chu kỳ con lắc đơn?', 'T=2π√(l/g)', 'T=2π√(m/k)', 'T=2π√(g/l)', 'T=2π√(1/g)', 'A', '2025-09-02 17:53:33'),
(649, 26, 'Mạch RLC cộng hưởng khi?', 'ZL=ZC', 'Z=0', 'U=0', 'P=0', 'A', '2025-09-02 17:53:33'),
(650, 26, 'Sóng dừng hình thành khi?', 'Hai sóng ngược chiều cùng f giao thoa', 'Hai sóng cùng chiều', 'Một sóng đơn', 'Khúc xạ', 'A', '2025-09-02 17:53:33'),
(651, 26, 'Hiện tượng quang điện chứng tỏ ánh sáng có?', 'Tính sóng', 'Tính hạt', 'Khúc xạ', 'Phản xạ', 'B', '2025-09-02 17:53:33'),
(652, 26, 'Bức xạ tử ngoại có λ?', '<400nm', '400-700nm', '>700nm', '>1mm', 'A', '2025-09-02 17:53:33'),
(653, 26, 'Sóng âm dưới 20Hz gọi là?', 'Hạ âm', 'Siêu âm', 'Âm nghe được', 'Âm cao', 'A', '2025-09-02 17:53:33'),
(654, 26, 'Sóng âm trên 20kHz gọi là?', 'Siêu âm', 'Hạ âm', 'Âm cao', 'Âm trầm', 'A', '2025-09-02 17:53:33'),
(655, 26, 'Chu kỳ dao động điều hòa phụ thuộc?', 'm,k', 'Biên độ', 'Pha ban đầu', 'Tần số', 'A', '2025-09-02 17:53:33'),
(656, 26, 'u=U0 sin(ωt+φ). U0 gọi là?', 'Biên độ', 'Hiệu dụng', 'Cực đại', '0', 'C', '2025-09-02 17:53:33'),
(657, 26, 'Công suất trung bình AC?', 'P=U.I.cosφ', 'P=U.I', 'P=U^2/R', 'P=I^2R', 'A', '2025-09-02 17:53:33'),
(658, 26, 'Phản ứng hạt nhân tỏa năng lượng khi?', 'm trước > m sau', 'm tăng', 'm không đổi', 'Không liên quan', 'A', '2025-09-02 17:53:33'),
(659, 26, 'Năng lượng liên kết hạt nhân?', 'Δm.c^2', 'mgh', '1/2 mv^2', 'qU', 'A', '2025-09-02 17:53:33'),
(660, 26, 'Bức xạ ngắn nhất trong quang phổ?', 'Tia gamma', 'Tử ngoại', 'Hồng ngoại', 'Ánh sáng thường', 'A', '2025-09-02 17:53:33'),
(661, 26, 'Con lắc lò xo m=0.2kg, k=50N/m. Chu kỳ?', '0.1s', '0.2s', '0.4s', '0.5s', 'C', '2025-09-02 17:53:33'),
(662, 26, 'Con lắc đơn l=1m, g=10. Chu kỳ?', '0.5s', '1s', '2s', '4s', 'C', '2025-09-02 17:53:33'),
(663, 26, 'Dao động A=5cm, ω=10. Vmax?', '0.5 m/s', '1 m/s', '0.25 m/s', '2 m/s', 'A', '2025-09-02 17:53:33'),
(664, 26, 'Dao động A=10cm, T=2s. Vmax?', '0.2π', '0.5π', 'π', '2π', 'C', '2025-09-02 17:53:33'),
(665, 26, 'Mạch RLC R=20,L=0.2H,C=100µF. f cộng hưởng?', '50Hz', '100Hz', '200Hz', '250Hz', 'A', '2025-09-02 17:53:33'),
(666, 26, 'Mạch AC U=220V, I=2A, cosφ=0.8. P?', '352W', '400W', '440W', '500W', 'A', '2025-09-02 17:53:33'),
(667, 26, 'Sóng u=5cos(20πt-πx). v?', '10 m/s', '20 m/s', '5 m/s', '2 m/s', 'A', '2025-09-02 17:53:33'),
(668, 26, 'Ánh sáng λ=600nm. f?', '5e14', '6e14', '7e14', '8e14', 'A', '2025-09-02 17:53:33'),
(669, 26, 'Photon λ=400nm. Năng lượng?', '3.1 eV', '2.5 eV', '2.0 eV', '1.8 eV', 'A', '2025-09-02 17:53:33'),
(670, 26, 'Δm=0.01u. Năng lượng?', '9.3e11 J', '1.5e-10 J', '9.3e12 J', '1.6e-11 J', 'A', '2025-09-02 17:53:33'),
(671, 26, 'Nguồn sóng f=50Hz, λ=2m. v?', '25', '50', '75', '100', 'D', '2025-09-02 17:53:33'),
(672, 26, 'Mạch AC U=220V, I=1A, φ=60°. P?', '55W', '110W', '220W', '440W', 'B', '2025-09-02 17:53:33'),
(673, 26, 'Con lắc đơn l=2.25m, g=10. T?', '2s', '3s', '4s', '1.5s', 'B', '2025-09-02 17:53:33'),
(674, 26, 'u=220√2 sin(100πt). U hiệu dụng?', '110', '220', '310', '440', 'B', '2025-09-02 17:53:33'),
(675, 26, 'Hạt α động năng 5MeV. Năng lượng J?', '8e-13', '1.6e-12', '3.2e-13', '5e-13', 'A', '2025-09-02 17:53:33'),
(676, 26, 'Loa phát nhạc to làm kính cửa rung do?', 'Cộng hưởng', 'Khúc xạ', 'Sóng dừng', 'Phản xạ', 'A', '2025-09-02 17:53:33'),
(677, 26, 'Xe lửa qua cầu dài không chạy nhanh vì?', 'Tránh cộng hưởng', 'Tiết kiệm nhiên liệu', 'Tăng ma sát', 'Giảm lực cản', 'A', '2025-09-02 17:53:33'),
(678, 26, 'Đèn dây tóc phát sáng kèm nhiệt lớn do?', 'Tác dụng nhiệt dòng điện', 'Quang điện', 'Phản xạ', 'Từ trường', 'A', '2025-09-02 17:53:33'),
(679, 26, 'Không nghe thấy sóng siêu âm vì?', 'f>20kHz', 'Bước sóng dài', 'Năng lượng nhỏ', 'Phản xạ', 'A', '2025-09-02 17:53:33'),
(680, 26, 'Lặn sâu cần bình khí vì?', 'Áp suất tăng', 'Nhiệt độ giảm', 'Lực đẩy tăng', 'Trọng lượng giảm', 'A', '2025-09-02 17:53:33'),
(681, 26, 'Con lắc đơn: tăng chiều dài thì T?', 'Tăng', 'Giảm', 'Không đổi', '0', 'A', '2025-09-02 17:53:33'),
(682, 26, 'Giao thoa ánh sáng: tăng λ thì khoảng vân?', 'Rộng hơn', 'Hẹp', 'Không đổi', 'Biến mất', 'A', '2025-09-02 17:53:33'),
(683, 26, 'Sóng dừng trên dây: tăng f thì số bụng?', 'Tăng', 'Giảm', 'Không đổi', 'Biến mất', 'A', '2025-09-02 17:53:33'),
(684, 26, 'Đo điện áp AC: vôn kế chỉ?', 'Hiệu dụng', 'Cực đại', '0', 'Trung bình', 'A', '2025-09-02 17:53:33'),
(685, 26, 'Phóng xạ: tia α lệch trong điện trường?', 'Hướng bản âm', 'Hướng bản dương', 'Không lệch', 'Ngẫu nhiên', 'A', '2025-09-02 17:53:33'),
(686, 27, 'Nguyên tử gồm những hạt cơ bản nào?', 'Proton, Neutron, Electron', 'Proton, Electron', 'Neutron, Electron', 'Proton, Nơtron', 'A', '2025-09-02 17:53:33'),
(687, 27, 'Hóa trị của Oxi trong hợp chất thường là?', 'I', 'II', 'III', 'IV', 'B', '2025-09-02 17:53:33'),
(688, 27, 'Kí hiệu hóa học của Natri?', 'Na', 'N', 'Ni', 'Ne', 'A', '2025-09-02 17:53:33'),
(689, 27, 'Nguyên tố H có Z bằng?', '1', '2', '3', '4', 'A', '2025-09-02 17:53:33'),
(690, 27, 'Phân tử khối của CO₂ là?', '28', '32', '44', '46', 'C', '2025-09-02 17:53:33'),
(691, 27, 'Định luật bảo toàn khối lượng do ai phát hiện?', 'Newton', 'Lomonosov', 'Mendeleev', 'Faraday', 'B', '2025-09-02 17:53:33'),
(692, 27, 'Thể tích mol khí ở đktc?', '11,2 lít', '22,4 lít', '33,6 lít', '44,8 lít', 'B', '2025-09-02 17:53:33'),
(693, 27, 'Công thức hóa học của axit clohidric?', 'HCl', 'H₂SO₄', 'HNO₃', 'H₂CO₃', 'A', '2025-09-02 17:53:33'),
(694, 27, 'Tính chất đặc trưng của kim loại?', 'Dẫn điện', 'Dẫn nhiệt', 'Dẻo', 'Cả 3', 'D', '2025-09-02 17:53:33'),
(695, 27, 'Công thức hóa học của vôi sống?', 'CaO', 'Ca(OH)₂', 'CaCO₃', 'CaSO₄', 'A', '2025-09-02 17:53:33'),
(696, 27, 'Quy tắc hóa trị dùng để làm gì?', 'Lập công thức hóa học', 'Tính mol', 'Tính nồng độ', 'Tính pH', 'A', '2025-09-02 17:53:33'),
(697, 27, 'Công thức hóa học của nước vôi trong?', 'Ca(OH)₂', 'CaCO₃', 'CaSO₄', 'CaO', 'A', '2025-09-02 17:53:33'),
(698, 27, 'Khi đốt cháy kim loại Mg trong không khí tạo thành?', 'MgO', 'MgCl₂', 'MgSO₄', 'Mg(OH)₂', 'A', '2025-09-02 17:53:33'),
(699, 27, 'Phản ứng hóa hợp là?', '2 hay nhiều chất → 1 chất', '1 chất → nhiều chất', 'Chất + O₂ → oxit', '2 muối → 2 muối', 'A', '2025-09-02 17:53:33'),
(700, 27, 'Khi cho Zn tác dụng với HCl thu được khí?', 'O₂', 'N₂', 'H₂', 'Cl₂', 'C', '2025-09-02 17:53:33'),
(701, 27, 'Tính số mol của 11,2 lít O₂ ở đktc?', '0,25 mol', '0,5 mol', '1 mol', '2 mol', 'B', '2025-09-02 17:53:33'),
(702, 27, 'Khối lượng của 2 mol H₂O?', '18 g', '20 g', '32 g', '36 g', 'D', '2025-09-02 17:53:33'),
(703, 27, 'Thể tích 2 mol CO₂ ở đktc?', '11,2 lít', '22,4 lít', '44,8 lít', '56 lít', 'C', '2025-09-02 17:53:33'),
(704, 27, 'Số mol trong 4 g H₂?', '1 mol', '2 mol', '0,5 mol', '0,2 mol', 'B', '2025-09-02 17:53:33'),
(705, 27, 'Đốt cháy hoàn toàn 12 g C cần bao nhiêu lít O₂ (đktc)?', '11,2 lít', '22,4 lít', '33,6 lít', '44,8 lít', 'A', '2025-09-02 17:53:33'),
(706, 27, 'Khối lượng mol của Na₂CO₃?', '100 g/mol', '106 g/mol', '110 g/mol', '120 g/mol', 'B', '2025-09-02 17:53:33'),
(707, 27, 'Khối lượng của 0,5 mol NaCl?', '29,25 g', '58,5 g', '30 g', '50 g', 'A', '2025-09-02 17:53:33'),
(708, 27, 'Thể tích khí H₂ thu được khi cho 2 g H₂ tác dụng hết với O₂?', '11,2 lít', '22,4 lít', '44,8 lít', '2,24 lít', 'B', '2025-09-02 17:53:33'),
(709, 27, 'Nồng độ % của dung dịch chứa 10 g NaOH trong 90 g nước?', '5%', '10%', '12%', '15%', 'B', '2025-09-02 17:53:33'),
(710, 27, 'Số mol nguyên tử trong 18 g H₂O?', '1 mol', '2 mol', '3 mol', '6 mol', 'C', '2025-09-02 17:53:33'),
(711, 27, 'Khối lượng O₂ cần để đốt cháy 23 g Na thành Na₂O?', '8 g', '16 g', '12 g', '24 g', 'A', '2025-09-02 17:53:33'),
(712, 27, 'Khối lượng CaO tạo thành từ 10 g CaCO₃ khi phân hủy?', '4 g', '5,6 g', '6 g', '7 g', 'B', '2025-09-02 17:53:33'),
(713, 27, 'Số phân tử trong 0,25 mol H₂?', '6,02.10²³', '1,505.10²³', '3.10²³', '7.10²³', 'B', '2025-09-02 17:53:33'),
(714, 27, 'Khối lượng Mg cần để tác dụng với HCl tạo 2,24 lít H₂ (đktc)?', '12 g', '6 g', '24 g', '48 g', 'A', '2025-09-02 17:53:33'),
(715, 27, 'Khối lượng AgNO₃ cần dùng để tạo 17 g NaNO₃ (phản ứng với NaCl)?', '34 g', '68 g', '85 g', '170 g', 'C', '2025-09-02 17:53:33'),
(716, 27, 'Khí CO₂ dùng trong công nghiệp để?', 'Chữa cháy', 'Thổi bóng bay', 'Đốt cháy', 'Tạo phân bón', 'A', '2025-09-02 17:53:33'),
(717, 27, 'Dung dịch NaOH được dùng để?', 'Làm xà phòng', 'Làm giấy', 'Làm xi măng', 'Làm kính', 'A', '2025-09-02 17:53:33'),
(718, 27, 'Vì sao ăn nhiều muối NaCl không tốt cho sức khỏe?', 'Gây cao huyết áp', 'Gây thấp khớp', 'Gây thiếu máu', 'Gây đau đầu', 'A', '2025-09-02 17:53:33'),
(719, 27, 'CaCO₃ được dùng để sản xuất?', 'Xi măng', 'Nhựa', 'Thủy tinh hữu cơ', 'Xăng', 'A', '2025-09-02 17:53:33'),
(720, 27, 'Khí NH₃ dùng làm?', 'Phân đạm', 'Chất dẻo', 'Nhiên liệu', 'Chất bảo quản', 'A', '2025-09-02 17:53:33'),
(721, 27, 'Cho quỳ tím vào dung dịch HCl, quỳ đổi màu gì?', 'Đỏ', 'Xanh', 'Tím', 'Không đổi', 'A', '2025-09-02 17:53:33'),
(722, 27, 'Cho CaO vào nước, hiện tượng?', 'Tan và tỏa nhiệt', 'Không tan', 'Bay hơi', 'Đóng băng', 'A', '2025-09-02 17:53:33'),
(723, 27, 'Cho Al vào dung dịch HCl, hiện tượng?', 'Sủi bọt khí', 'Không hiện tượng', 'Kết tủa', 'Đổi màu', 'A', '2025-09-02 17:53:33'),
(724, 27, 'Cho AgNO₃ vào dung dịch NaCl, hiện tượng?', 'Kết tủa trắng AgCl', 'Dung dịch trong suốt', 'Sủi bọt khí', 'Dung dịch vàng', 'A', '2025-09-02 17:53:33'),
(725, 27, 'Cho dung dịch NaOH vào dung dịch CuSO₄, hiện tượng?', 'Kết tủa xanh Cu(OH)₂', 'Dung dịch tím', 'Dung dịch trong suốt', 'Sủi bọt khí', 'A', '2025-09-02 17:53:33'),
(726, 28, 'Dãy hoạt động hóa học của kim loại cho biết điều gì?', 'Khả năng khử', 'Khả năng oxi hóa', 'Khả năng trung hòa', 'Khả năng hòa tan', 'A', '2025-09-02 17:53:33'),
(727, 28, 'Khi cho Fe vào dung dịch CuSO₄, hiện tượng?', 'Xuất hiện Cu bám', 'Dung dịch đổi màu xanh', 'Xuất hiện kết tủa', 'Có khí bay ra', 'A', '2025-09-02 17:53:33'),
(728, 28, 'Công thức hóa học của axit sunfuric?', 'H₂SO₄', 'HNO₃', 'HCl', 'H₂CO₃', 'A', '2025-09-02 17:53:33'),
(729, 28, 'Tên gọi NaOH?', 'Natri oxit', 'Natri hidroxit', 'Natri clorua', 'Natri sunfat', 'B', '2025-09-02 17:53:33'),
(730, 28, 'Tính chất của dung dịch bazơ?', 'Làm đổi màu quỳ tím thành xanh', 'Làm đổi màu quỳ tím thành đỏ', 'Không đổi màu quỳ tím', 'Làm quỳ tím mất màu', 'A', '2025-09-02 17:53:33'),
(731, 28, 'Dung dịch nào làm quỳ tím hóa đỏ?', 'NaOH', 'KOH', 'HCl', 'Ba(OH)₂', 'C', '2025-09-02 17:53:33'),
(732, 28, 'Phản ứng trao đổi xảy ra khi?', 'Có chất kết tủa, chất bay hơi hoặc chất điện li yếu tạo thành', 'Chỉ khi có nhiệt độ cao', 'Chỉ khi có xúc tác', 'Khi có ánh sáng', 'A', '2025-09-02 17:53:33'),
(733, 28, 'Muối Na₂CO₃ tan trong nước cho dung dịch có tính?', 'Axit', 'Bazơ', 'Trung tính', 'Oxi hóa', 'B', '2025-09-02 17:53:33'),
(734, 28, 'Axit H₂SO₄ đặc có tính chất đặc biệt nào?', 'Tính oxi hóa mạnh', 'Tính khử mạnh', 'Bay hơi dễ', 'Không tan', 'A', '2025-09-02 17:53:33'),
(735, 28, 'Khí H₂S có mùi?', 'Trứng thối', 'Hắc', 'Không mùi', 'Ngọt', 'A', '2025-09-02 17:53:33'),
(736, 28, 'Dung dịch NaCl thuộc loại?', 'Axit', 'Bazơ', 'Muối', 'Hợp chất hữu cơ', 'C', '2025-09-02 17:53:33'),
(737, 28, 'Dung dịch Ca(OH)₂ bão hòa gọi là?', 'Nước cứng', 'Nước vôi trong', 'Dung dịch axit', 'Dung dịch trung tính', 'B', '2025-09-02 17:53:33'),
(738, 28, 'Khi đốt P trong O₂ thu được?', 'P₂O₅', 'P₂O₃', 'PCl₃', 'PH₃', 'A', '2025-09-02 17:53:33'),
(739, 28, 'Công thức hóa học của amoniac?', 'NH₃', 'NO₂', 'N₂O', 'HNO₃', 'A', '2025-09-02 17:53:33'),
(740, 28, 'Dung dịch nào phản ứng với HCl?', 'NaOH', 'KOH', 'Ca(OH)₂', 'Cả 3', 'D', '2025-09-02 17:53:33'),
(741, 28, 'Khối lượng NaOH trong 0,5 mol NaOH?', '10 g', '20 g', '30 g', '40 g', 'B', '2025-09-02 17:53:33'),
(742, 28, 'Số mol HCl trong 36,5 g HCl?', '0,5 mol', '1 mol', '2 mol', '3 mol', 'B', '2025-09-02 17:53:33'),
(743, 28, 'Thể tích H₂ thu được khi cho 2 g H₂ tác dụng với O₂?', '11,2 lít', '22,4 lít', '33,6 lít', '44,8 lít', 'B', '2025-09-02 17:53:33'),
(744, 28, 'Khối lượng Cu bám khi cho 16 g CuSO₄ tác dụng với Fe?', '6,4 g', '12,8 g', '8 g', '4 g', 'A', '2025-09-02 17:53:33'),
(745, 28, 'Khối lượng muối NaCl tạo thành khi trung hòa 0,1 mol HCl bằng NaOH?', '5,85 g', '1,17 g', '0,585 g', '2,93 g', 'A', '2025-09-02 17:53:33'),
(746, 28, 'Thể tích O₂ (đktc) cần cho 4 g H₂ cháy hết?', '11,2 lít', '22,4 lít', '33,6 lít', '44,8 lít', 'B', '2025-09-02 17:53:33'),
(747, 28, 'Dung dịch chứa 9,8 g H₂SO₄ trong 100 g dung dịch. Nồng độ %?', '4,9%', '9,8%', '19,6%', '2%', 'B', '2025-09-02 17:53:33'),
(748, 28, 'Khối lượng Na₂CO₃ cần để trung hòa 0,2 mol HCl?', '5,3 g', '10,6 g', '21,2 g', '2,65 g', 'B', '2025-09-02 17:53:33'),
(749, 28, 'Khối lượng kết tủa BaSO₄ tạo thành từ 0,1 mol BaCl₂ và H₂SO₄?', '11,65 g', '23,3 g', '58,25 g', '5,825 g', 'B', '2025-09-02 17:53:33'),
(750, 28, 'Số mol NH₃ trong 17 g NH₃?', '0,5 mol', '1 mol', '2 mol', '3 mol', 'B', '2025-09-02 17:53:33'),
(751, 28, 'Thể tích khí H₂ thu được khi cho Zn + HCl dư (Zn=65 g/mol, lấy 6,5 g)?', '2,24 lít', '4,48 lít', '11,2 lít', '22,4 lít', 'A', '2025-09-02 17:53:33'),
(752, 28, 'Khối lượng CaCO₃ cần để tạo 2,24 lít CO₂ (đktc)?', '5 g', '10 g', '20 g', '30 g', 'B', '2025-09-02 17:53:33'),
(753, 28, 'Nồng độ mol của dung dịch chứa 58,5 g NaCl trong 1 lít dung dịch?', '0,5 M', '1 M', '2 M', '3 M', 'B', '2025-09-02 17:53:33'),
(754, 28, 'Khối lượng Cu trong 0,2 mol CuSO₄?', '6,4 g', '12,8 g', '16 g', '32 g', 'B', '2025-09-02 17:53:33'),
(755, 28, 'Khối lượng KOH trong 0,5 mol KOH?', '28 g', '56 g', '20 g', '40 g', 'A', '2025-09-02 17:53:33');
INSERT INTO `questions` (`question_id`, `exam_id`, `question_text`, `option_a`, `option_b`, `option_c`, `option_d`, `correct_answer`, `created_at`) VALUES
(756, 28, 'Vì sao không nên dùng nước giếng nhiễm phèn?', 'Chứa nhiều ion Fe³⁺, Al³⁺', 'Chứa nhiều muối NaCl', 'Chứa nhiều CO₂', 'Chứa nhiều NH₃', 'A', '2025-09-02 17:53:33'),
(757, 28, 'Nước cứng tạm thời có thể làm mềm bằng?', 'Đun sôi', 'Lọc', 'Pha axit', 'Pha bazơ', 'A', '2025-09-02 17:53:33'),
(758, 28, 'Khí SO₂ gây hiện tượng gì trong tự nhiên?', 'Mưa axit', 'Khói bụi', 'Sương mù', 'Ozon', 'A', '2025-09-02 17:53:33'),
(759, 28, 'Dung dịch H₂SO₄ đặc được dùng để?', 'Làm khô khí', 'Làm mềm nước', 'Chế biến thực phẩm', 'Khử trùng', 'A', '2025-09-02 17:53:33'),
(760, 28, 'Muối NaHCO₃ dùng trong thực phẩm gọi là?', 'Bột nở', 'Bột giặt', 'Bột ngọt', 'Bột mì', 'A', '2025-09-02 17:53:33'),
(761, 28, 'Cho H₂SO₄ vào BaCl₂ hiện tượng?', 'Kết tủa trắng BaSO₄', 'Dung dịch trong suốt', 'Sủi bọt khí', 'Dung dịch đổi màu', 'A', '2025-09-02 17:53:33'),
(762, 28, 'Cho AgNO₃ vào NaCl hiện tượng?', 'Kết tủa trắng AgCl', 'Dung dịch vàng', 'Không đổi', 'Dung dịch trong', 'A', '2025-09-02 17:53:33'),
(763, 28, 'Cho quỳ tím vào NH₃, màu?', 'Xanh', 'Đỏ', 'Tím', 'Vàng', 'A', '2025-09-02 17:53:33'),
(764, 28, 'Cho HCl vào CaCO₃, hiện tượng?', 'Sủi bọt khí CO₂', 'Kết tủa trắng', 'Dung dịch trong', 'Dung dịch vàng', 'A', '2025-09-02 17:53:33'),
(765, 28, 'Cho NaOH vào AlCl₃, hiện tượng?', 'Kết tủa trắng Al(OH)₃', 'Dung dịch trong suốt', 'Khí thoát ra', 'Dung dịch vàng', 'A', '2025-09-02 17:53:33'),
(766, 29, 'Nguyên tố nào sau đây thuộc nhóm kim loại kiềm?', 'Na', 'Mg', 'Al', 'Fe', 'A', '2025-09-02 17:53:33'),
(767, 29, 'Cấu hình electron của nguyên tử Oxi (Z=8) là:', '1s2 2s2 2p4', '1s2 2s2 2p6', '1s2 2s2 2p3', '1s2 2s2 2p5', 'A', '2025-09-02 17:53:33'),
(768, 29, 'Liên kết trong phân tử H2 là:', 'Liên kết ion', 'Liên kết cộng hóa trị không cực', 'Liên kết cộng hóa trị có cực', 'Liên kết kim loại', 'B', '2025-09-02 17:53:33'),
(769, 29, 'Nguyên tố nào sau đây có độ âm điện lớn nhất?', 'O', 'Cl', 'F', 'N', 'C', '2025-09-02 17:53:33'),
(770, 29, 'Nguyên tử có Z=12 thuộc chu kì, nhóm nào?', 'Chu kì 3, nhóm IIA', 'Chu kì 2, nhóm IIA', 'Chu kì 3, nhóm IA', 'Chu kì 2, nhóm IIIA', 'A', '2025-09-02 17:53:33'),
(771, 29, 'Trong bảng tuần hoàn, bán kính nguyên tử tăng khi:', 'Đi từ trái sang phải', 'Đi từ trên xuống dưới', 'Đi từ phải sang trái', 'Cả B và C đúng', 'D', '2025-09-02 17:53:33'),
(772, 29, 'Nguyên tử khối trung bình của Clo là 35,5 do:', 'Clo có đồng vị', 'Clo có nhiều hợp chất', 'Clo phản ứng mạnh', 'Clo tồn tại ở dạng đơn chất', 'A', '2025-09-02 17:53:33'),
(773, 29, 'Phản ứng hóa học là:', 'Quá trình biến đổi chất này thành chất khác', 'Quá trình thay đổi trạng thái', 'Quá trình thay đổi vật lí', 'Quá trình tổng hợp', 'A', '2025-09-02 17:53:33'),
(774, 29, 'Nguyên tố chiếm tỉ lệ khối lượng lớn nhất trong vỏ Trái Đất là:', 'Si', 'O', 'Fe', 'Al', 'B', '2025-09-02 17:53:33'),
(775, 29, 'Khí nào là thành phần chính của không khí?', 'O2', 'CO2', 'N2', 'H2', 'C', '2025-09-02 17:53:33'),
(776, 29, 'Cho Na vào nước, hiện tượng nào xảy ra?', 'Sủi bọt khí H2, dung dịch kiềm', 'Kết tủa trắng', 'Khí không màu mùi khai', 'Không hiện tượng', 'A', '2025-09-02 17:53:33'),
(777, 29, 'Cho quỳ tím vào dung dịch HCl, quỳ tím chuyển thành:', 'Xanh', 'Đỏ', 'Tím', 'Vàng', 'B', '2025-09-02 17:53:33'),
(778, 29, 'Cho dung dịch NaOH vào dung dịch CuSO4, hiện tượng:', 'Kết tủa xanh xuất hiện', 'Kết tủa trắng', 'Dung dịch trong suốt', 'Khí thoát ra', 'A', '2025-09-02 17:53:33'),
(779, 29, 'Khí nào làm vẩn đục nước vôi trong?', 'CO2', 'O2', 'N2', 'H2', 'A', '2025-09-02 17:53:33'),
(780, 29, 'Đốt cháy Mg trong không khí, sản phẩm chính:', 'MgO', 'MgCO3', 'Mg(OH)2', 'MgCl2', 'A', '2025-09-02 17:53:33'),
(781, 29, 'Cho dung dịch BaCl2 vào dung dịch Na2SO4, hiện tượng:', 'Kết tủa trắng xuất hiện', 'Khí thoát ra', 'Dung dịch xanh', 'Không hiện tượng', 'A', '2025-09-02 17:53:33'),
(782, 29, 'Khí Clo có màu gì?', 'Không màu', 'Vàng lục nhạt', 'Đỏ nâu', 'Xanh lam', 'B', '2025-09-02 17:53:33'),
(783, 29, 'Dung dịch nào làm quỳ tím hóa xanh?', 'NaCl', 'NaOH', 'H2SO4', 'CuSO4', 'B', '2025-09-02 17:53:33'),
(784, 29, 'Khí NH3 có mùi:', 'Hắc, khai', 'Thơm', 'Không mùi', 'Ngọt', 'A', '2025-09-02 17:53:33'),
(785, 29, 'Cho Fe vào dung dịch CuSO4, hiện tượng:', 'Xuất hiện chất rắn màu đỏ bám vào Fe', 'Sủi bọt khí', 'Dung dịch đổi màu vàng', 'Không hiện tượng', 'A', '2025-09-02 17:53:33'),
(786, 29, 'Khí nào dùng để chữa sâu răng?', 'CO2', 'O3', 'N2O', 'CH4', 'C', '2025-09-02 17:53:33'),
(787, 29, 'Vôi sống (CaO) được dùng để:', 'Khử chua đất', 'Làm khô khí', 'Xử lý nước thải', 'Tất cả đều đúng', 'D', '2025-09-02 17:53:33'),
(788, 29, 'Than hoạt tính thường dùng để:', 'Lọc khí', 'Lọc nước', 'Khử màu', 'Tất cả đúng', 'D', '2025-09-02 17:53:33'),
(789, 29, 'Hợp chất nào được dùng để sản xuất phân bón amoniac?', 'NH3', 'HCl', 'CO2', 'O2', 'A', '2025-09-02 17:53:33'),
(790, 29, 'Khí nào gây hiệu ứng nhà kính mạnh?', 'N2', 'O2', 'CO2', 'Ar', 'C', '2025-09-02 17:53:33'),
(791, 29, 'Dung dịch H2SO4 loãng dùng trong:', 'Ắc quy', 'Sản xuất phân bón', 'Tẩy gỉ kim loại', 'Tất cả đúng', 'D', '2025-09-02 17:53:33'),
(792, 29, 'Khí Cl2 được sử dụng để:', 'Khử trùng nước', 'Điều chế HCl', 'Tẩy trắng giấy', 'Tất cả đúng', 'D', '2025-09-02 17:53:33'),
(793, 29, 'Kim loại nào được dùng làm dây dẫn điện?', 'Fe', 'Al', 'Cu', 'Zn', 'C', '2025-09-02 17:53:33'),
(794, 29, 'NaHCO3 có ứng dụng:', 'Làm thuốc muối chữa đau dạ dày', 'Làm bánh', 'Chữa bệnh', 'Cả A và B', 'D', '2025-09-02 17:53:33'),
(795, 29, 'Kim loại nào có tính khử mạnh, dùng làm chất khử trong luyện kim?', 'Cu', 'Zn', 'Al', 'Na', 'D', '2025-09-02 17:53:33'),
(796, 29, 'Tính số mol trong 11,2 lít khí O2 (đktc).', '0,25 mol', '0,5 mol', '1 mol', '2 mol', 'B', '2025-09-02 17:53:33'),
(797, 29, 'Khối lượng NaCl trong 0,5 mol là:', '14,6 g', '29,25 g', '58,5 g', '117 g', 'C', '2025-09-02 17:53:33'),
(798, 29, 'Số mol H2 thu được khi cho 2 g Zn tác dụng với dung dịch HCl dư.', '0,015 mol', '0,03 mol', '0,05 mol', '0,1 mol', 'C', '2025-09-02 17:53:33'),
(799, 29, 'Thể tích H2 (đktc) tạo ra khi điện phân 0,1 mol H2O.', '1,12 lít', '2,24 lít', '3,36 lít', '4,48 lít', 'B', '2025-09-02 17:53:33'),
(800, 29, 'Khối lượng CaCO3 cần dùng để thu được 6,72 lít CO2 (đktc).', '5 g', '10 g', '15 g', '20 g', 'C', '2025-09-02 17:53:33'),
(801, 29, 'Dung dịch chứa 0,1 mol NaOH trong 100 ml. Nồng độ mol/l là:', '0,5 M', '1 M', '2 M', '0,1 M', 'B', '2025-09-02 17:53:33'),
(802, 29, 'Tính phần trăm khối lượng N trong NH3.', '75%', '82,35%', '87,5%', '92%', 'A', '2025-09-02 17:53:33'),
(803, 29, 'Khối lượng kết tủa thu được khi cho 100 ml dung dịch BaCl2 1M tác dụng với Na2SO4 dư.', '19,6 g', '23,3 g', '15 g', '9,8 g', 'A', '2025-09-02 17:53:33'),
(804, 29, 'Số mol e trao đổi trong phản ứng: Fe → Fe3+ + 3e.', '1', '2', '3', '0,5', 'C', '2025-09-02 17:53:33'),
(805, 29, 'Dung dịch HCl 1M có pH =', '0', '1', '2', '3', 'B', '2025-09-02 17:53:33'),
(806, 30, 'Nguyên tố nào sau đây thuộc nhóm Halogen?', 'Na', 'Cl', 'Mg', 'Ca', 'B', '2025-09-02 17:53:33'),
(807, 30, 'Cấu hình electron của nguyên tử S (Z=16) là:', '1s2 2s2 2p6 3s2 3p4', '1s2 2s2 2p6 3s2 3p6', '1s2 2s2 2p6 3s2 3p2', '1s2 2s2 2p6 3s2 3p3', 'A', '2025-09-02 17:53:33'),
(808, 30, 'Liên kết trong phân tử HCl là:', 'Liên kết ion', 'Liên kết cộng hóa trị có cực', 'Liên kết cộng hóa trị không cực', 'Liên kết kim loại', 'B', '2025-09-02 17:53:33'),
(809, 30, 'Nguyên tố nào sau đây có tính phi kim mạnh nhất?', 'Cl', 'Br', 'I', 'At', 'A', '2025-09-02 17:53:33'),
(810, 30, 'Nguyên tử có Z=20 thuộc chu kì, nhóm nào?', 'Chu kì 4, nhóm IIA', 'Chu kì 3, nhóm IIA', 'Chu kì 4, nhóm IA', 'Chu kì 2, nhóm IIA', 'A', '2025-09-02 17:53:33'),
(811, 30, 'Trong bảng tuần hoàn, độ âm điện giảm khi:', 'Đi từ trái sang phải', 'Đi từ trên xuống dưới', 'Đi từ phải sang trái', 'Cả A và B đúng', 'B', '2025-09-02 17:53:33'),
(812, 30, 'Nguyên tử khối trung bình của Brom là 79,9 do:', 'Brom có đồng vị', 'Brom có nhiều hợp chất', 'Brom phản ứng mạnh', 'Brom tồn tại ở dạng đơn chất', 'A', '2025-09-02 17:53:33'),
(813, 30, 'Phản ứng oxi hóa khử là:', 'Quá trình thay đổi số oxi hóa của nguyên tố', 'Quá trình tổng hợp', 'Quá trình phân hủy', 'Quá trình trao đổi ion', 'A', '2025-09-02 17:53:33'),
(814, 30, 'Nguyên tố nào chiếm tỉ lệ lớn nhất trong cơ thể người?', 'O', 'C', 'H', 'N', 'A', '2025-09-02 17:53:33'),
(815, 30, 'Hợp chất nào sau đây là hiđroxit lưỡng tính?', 'NaOH', 'Ca(OH)2', 'Al(OH)3', 'Fe(OH)2', 'C', '2025-09-02 17:53:33'),
(816, 30, 'Cho Na vào dung dịch CuSO4, hiện tượng nào xảy ra?', 'Sủi bọt khí, kết tủa đỏ', 'Kết tủa xanh', 'Có khí bay ra và kết tủa Cu', 'Không hiện tượng', 'C', '2025-09-02 17:53:33'),
(817, 30, 'Cho quỳ tím vào dung dịch Na2CO3, quỳ tím chuyển thành:', 'Đỏ', 'Xanh', 'Tím', 'Vàng', 'B', '2025-09-02 17:53:33'),
(818, 30, 'Cho dung dịch NaOH vào dung dịch AlCl3 dư, hiện tượng:', 'Kết tủa keo trắng tan khi dư NaOH', 'Kết tủa keo trắng không tan', 'Dung dịch trong suốt', 'Khí bay ra', 'A', '2025-09-02 17:53:33'),
(819, 30, 'Khí nào làm nhạt màu dung dịch KMnO4?', 'CO2', 'H2', 'SO2', 'O2', 'C', '2025-09-02 17:53:33'),
(820, 30, 'Đốt cháy S trong không khí, sản phẩm chính:', 'SO3', 'SO2', 'H2S', 'SCl2', 'B', '2025-09-02 17:53:33'),
(821, 30, 'Cho dung dịch AgNO3 vào dung dịch NaCl, hiện tượng:', 'Kết tủa trắng xuất hiện', 'Khí thoát ra', 'Dung dịch xanh', 'Không hiện tượng', 'A', '2025-09-02 17:53:33'),
(822, 30, 'Khí NO2 có màu gì?', 'Không màu', 'Vàng lục nhạt', 'Đỏ nâu', 'Xanh lam', 'C', '2025-09-02 17:53:33'),
(823, 30, 'Dung dịch nào làm quỳ tím hóa đỏ?', 'NaOH', 'HCl', 'NaCl', 'Na2CO3', 'B', '2025-09-02 17:53:33'),
(824, 30, 'Khí H2S có mùi:', 'Hắc, khai', 'Thối trứng', 'Không mùi', 'Ngọt', 'B', '2025-09-02 17:53:33'),
(825, 30, 'Cho FeS tác dụng với HCl, khí thoát ra là:', 'H2', 'H2S', 'SO2', 'CO2', 'B', '2025-09-02 17:53:33'),
(826, 30, 'Khí SO2 được sử dụng trong:', 'Tẩy trắng giấy', 'Sát trùng', 'Làm khô khí', 'Chữa bệnh', 'A', '2025-09-02 17:53:33'),
(827, 30, 'Nước Gia-ven dùng để:', 'Khử trùng', 'Nhuộm vải', 'Điều chế NaOH', 'Điều chế H2', 'A', '2025-09-02 17:53:33'),
(828, 30, 'Hợp chất nào được dùng làm phân bón đạm?', 'NH4NO3', 'CaSO4', 'KCl', 'NaCl', 'A', '2025-09-02 17:53:33'),
(829, 30, 'Khí nào gây mưa axit?', 'N2', 'SO2', 'CO', 'O2', 'B', '2025-09-02 17:53:33'),
(830, 30, 'Dung dịch HF được dùng để:', 'Khắc thủy tinh', 'Làm khô khí', 'Chữa bệnh', 'Khử trùng', 'A', '2025-09-02 17:53:33'),
(831, 30, 'Dung dịch NaOH được dùng trong:', 'Sản xuất xà phòng', 'Làm khô khí', 'Tẩy trắng bông', 'Điều chế HCl', 'A', '2025-09-02 17:53:33'),
(832, 30, 'Khí NH3 được dùng trong:', 'Sản xuất phân đạm', 'Làm lạnh', 'Sản xuất HNO3', 'Tất cả đúng', 'D', '2025-09-02 17:53:33'),
(833, 30, 'Kim loại nào dùng chế tạo hợp kim nhẹ?', 'Fe', 'Al', 'Cu', 'Zn', 'B', '2025-09-02 17:53:33'),
(834, 30, 'CaCO3 có ứng dụng:', 'Sản xuất xi măng', 'Làm đá vôi xây dựng', 'Sản xuất vôi sống', 'Tất cả đúng', 'D', '2025-09-02 17:53:33'),
(835, 30, 'Khí Cl2 có hại vì:', 'Ăn mòn kim loại', 'Gây độc', 'Ô nhiễm môi trường', 'Tất cả đúng', 'D', '2025-09-02 17:53:33'),
(836, 30, 'Tính số mol trong 22,4 lít khí N2 (đktc).', '0,5 mol', '1 mol', '2 mol', '0,25 mol', 'B', '2025-09-02 17:53:33'),
(837, 30, 'Khối lượng CaCO3 trong 0,2 mol là:', '20 g', '30 g', '40 g', '50 g', 'C', '2025-09-02 17:53:33'),
(838, 30, 'Số mol H2 thu được khi cho 5,4 g Al tác dụng với dung dịch HCl dư.', '0,1 mol', '0,15 mol', '0,2 mol', '0,25 mol', 'C', '2025-09-02 17:53:33'),
(839, 30, 'Thể tích O2 (đktc) cần để đốt cháy 0,1 mol CH4.', '2,24 lít', '4,48 lít', '6,72 lít', '8,96 lít', 'D', '2025-09-02 17:53:33'),
(840, 30, 'Khối lượng NaOH cần để trung hòa 100 ml dung dịch HCl 1M.', '2 g', '4 g', '6 g', '8 g', 'A', '2025-09-02 17:53:33'),
(841, 30, 'Dung dịch chứa 0,2 mol Na2SO4 trong 200 ml. Nồng độ mol/l là:', '0,5 M', '1 M', '2 M', '0,1 M', 'B', '2025-09-02 17:53:33'),
(842, 30, 'Tính phần trăm khối lượng O trong H2SO4.', '65,3%', '70%', '73%', '80%', 'A', '2025-09-02 17:53:33'),
(843, 30, 'Khối lượng kết tủa thu được khi cho 100 ml dung dịch AgNO3 1M tác dụng với NaCl dư.', '14,35 g', '10 g', '7,175 g', '5 g', 'A', '2025-09-02 17:53:33'),
(844, 30, 'Số mol e trao đổi trong phản ứng: 2Fe2+ → 2Fe3+ + 2e.', '1', '2', '3', '4', 'B', '2025-09-02 17:53:33'),
(845, 30, 'Dung dịch NaOH 0,01M có pH =', '11', '12', '13', '10', 'A', '2025-09-02 17:53:33'),
(846, 31, 'Nguyên tố nào sau đây thuộc nhóm kim loại kiềm thổ?', 'Na', 'Ca', 'Al', 'K', 'B', '2025-09-02 17:53:33'),
(847, 31, 'Cấu hình electron của nguyên tử Fe (Z=26) là:', '[Ar] 3d6 4s2', '[Ar] 3d5 4s1', '[Ar] 3d7 4s1', '[Ar] 3d8', 'A', '2025-09-02 17:53:33'),
(848, 31, 'Liên kết trong phân tử NaCl là:', 'Liên kết ion', 'Liên kết cộng hóa trị có cực', 'Liên kết cộng hóa trị không cực', 'Liên kết kim loại', 'A', '2025-09-02 17:53:33'),
(849, 31, 'Nguyên tố nào sau đây có tính oxi hóa mạnh nhất?', 'Cl2', 'O2', 'F2', 'Br2', 'C', '2025-09-02 17:53:33'),
(850, 31, 'Nguyên tử có Z=56 thuộc chu kì, nhóm nào?', 'Chu kì 6, nhóm IIA', 'Chu kì 5, nhóm IA', 'Chu kì 6, nhóm IA', 'Chu kì 5, nhóm IIA', 'A', '2025-09-02 17:53:33'),
(851, 31, 'Trong dãy điện hóa, kim loại nào có tính khử mạnh nhất?', 'K', 'Na', 'Ca', 'Li', 'A', '2025-09-02 17:53:33'),
(852, 31, 'Khái niệm este là:', 'Hợp chất hữu cơ có nhóm –COOH', 'Hợp chất hữu cơ có nhóm –COO–', 'Hợp chất hữu cơ có nhóm –OH', 'Hợp chất hữu cơ có nhóm –CHO', 'B', '2025-09-02 17:53:33'),
(853, 31, 'Axit nào sau đây là axit mạnh?', 'CH3COOH', 'H2CO3', 'H2SO4', 'H2S', 'C', '2025-09-02 17:53:33'),
(854, 31, 'Amin bậc 1 có công thức tổng quát:', 'R–NH2', 'R2NH', 'R3N', 'Ar–NH2', 'A', '2025-09-02 17:53:33'),
(855, 31, 'Polime nào sau đây thuộc loại polime thiên nhiên?', 'Nilon-6,6', 'Tinh bột', 'Polietilen', 'Polipropilen', 'B', '2025-09-02 17:53:33'),
(856, 31, 'Đốt cháy C2H5OH trong oxi, hiện tượng nào xảy ra?', 'Khí không màu thoát ra', 'Ngọn lửa xanh, tạo CO2 và H2O', 'Khí mùi khai thoát ra', 'Kết tủa trắng', 'B', '2025-09-02 17:53:33'),
(857, 31, 'Cho dung dịch NaOH vào dung dịch Al(OH)3 dư, hiện tượng:', 'Kết tủa keo trắng tan', 'Kết tủa keo trắng không tan', 'Dung dịch trong suốt', 'Khí bay ra', 'A', '2025-09-02 17:53:33'),
(858, 31, 'Cho Cu tác dụng với dung dịch H2SO4 đặc, nóng, hiện tượng:', 'Khí SO2 thoát ra, dung dịch xanh', 'Khí O2 thoát ra', 'Khí H2 thoát ra', 'Dung dịch không đổi', 'A', '2025-09-02 17:53:33'),
(859, 31, 'Dẫn khí CO2 vào dung dịch Ca(OH)2 dư, hiện tượng:', 'Kết tủa trắng xuất hiện', 'Dung dịch vẩn đục', 'Kết tủa tan một phần', 'Không hiện tượng', 'C', '2025-09-02 17:53:33'),
(860, 31, 'Cho AgNO3 vào dung dịch NH3 dư, hiện tượng:', 'Kết tủa trắng tan tạo dung dịch phức', 'Kết tủa vàng', 'Dung dịch đổi màu xanh', 'Không hiện tượng', 'A', '2025-09-02 17:53:33'),
(861, 31, 'Thí nghiệm tráng gương dùng để nhận biết:', 'Ancol', 'Andehit', 'Xeton', 'Axit', 'B', '2025-09-02 17:53:33'),
(862, 31, 'Cho phenol vào dung dịch brom, hiện tượng:', 'Kết tủa trắng xuất hiện', 'Dung dịch xanh', 'Khí thoát ra', 'Không hiện tượng', 'A', '2025-09-02 17:53:33'),
(863, 31, 'Cho dung dịch HCl vào dung dịch Na2CO3, hiện tượng:', 'Kết tủa trắng xuất hiện', 'Khí không màu thoát ra', 'Dung dịch đổi màu', 'Không hiện tượng', 'B', '2025-09-02 17:53:33'),
(864, 31, 'Dung dịch nào làm quỳ tím hóa xanh?', 'CH3COOH', 'NaOH', 'NaCl', 'H2SO4 loãng', 'B', '2025-09-02 17:53:33'),
(865, 31, 'Đốt cháy glucozơ trong không khí, sản phẩm tạo thành:', 'CO2 và H2O', 'CO và H2O', 'C và H2', 'CH4', 'A', '2025-09-02 17:53:33'),
(866, 31, 'Axit axetic (CH3COOH) được dùng trong:', 'Làm giấm ăn', 'Làm phân bón', 'Chữa bệnh', 'Khử trùng', 'A', '2025-09-02 17:53:33'),
(867, 31, 'Etanol được ứng dụng trong:', 'Sát trùng', 'Nhiên liệu', 'Dung môi', 'Tất cả đúng', 'D', '2025-09-02 17:53:33'),
(868, 31, 'Metan (CH4) được dùng để:', 'Điều chế HCl', 'Làm nhiên liệu', 'Sản xuất xà phòng', 'Điều chế NaOH', 'B', '2025-09-02 17:53:33'),
(869, 31, 'Benzen được dùng để:', 'Sản xuất nhựa', 'Sản xuất thuốc nổ TNT', 'Dung môi hữu cơ', 'Tất cả đúng', 'D', '2025-09-02 17:53:33'),
(870, 31, 'Etilen (C2H4) được dùng để:', 'Kích thích quả chín', 'Làm nhiên liệu', 'Tẩy rửa', 'Làm dung môi', 'A', '2025-09-02 17:53:33'),
(871, 31, 'Polietilen được ứng dụng trong:', 'Làm túi nilon', 'Ống dẫn', 'Vật dụng nhựa', 'Tất cả đúng', 'D', '2025-09-02 17:53:33'),
(872, 31, 'Glucozơ được dùng trong:', 'Sản xuất bánh kẹo', 'Truyền dịch', 'Làm rượu etylic', 'Tất cả đúng', 'D', '2025-09-02 17:53:33'),
(873, 31, 'Tinh bột có ứng dụng:', 'Chế biến thực phẩm', 'Sản xuất hồ dán', 'Nguyên liệu sản xuất đường glucozơ', 'Tất cả đúng', 'D', '2025-09-02 17:53:33'),
(874, 31, 'Protein có vai trò:', 'Xây dựng cơ thể', 'Cung cấp năng lượng', 'Tham gia điều hòa hoạt động sống', 'Tất cả đúng', 'D', '2025-09-02 17:53:33'),
(875, 31, 'Dầu mỡ khi bị ôi thiu là do:', 'Oxi hóa chất béo', 'Thủy phân chất béo', 'Phân hủy chất béo', 'Nhiệt phân chất béo', 'A', '2025-09-02 17:53:33'),
(876, 31, 'Tính số mol trong 44 g CO2.', '0,5 mol', '1 mol', '1,5 mol', '2 mol', 'B', '2025-09-02 17:53:33'),
(877, 31, 'Khối lượng NaOH cần để trung hòa 100 ml dung dịch H2SO4 0,5M.', '2 g', '4 g', '6 g', '8 g', 'B', '2025-09-02 17:53:33'),
(878, 31, 'Số mol H2 thu được khi cho 5,6 g Fe tác dụng với HCl dư.', '0,05 mol', '0,1 mol', '0,15 mol', '0,2 mol', 'B', '2025-09-02 17:53:33'),
(879, 31, 'Thể tích CO2 (đktc) tạo ra khi đốt cháy hoàn toàn 11 g C2H5OH (etanol).', '5,6 lít', '11,2 lít', '16,8 lít', '22,4 lít', 'B', '2025-09-02 17:53:33'),
(880, 31, 'Khối lượng glucozơ (C6H12O6) trong 0,1 mol là:', '10 g', '18 g', '27 g', '18 g', 'B', '2025-09-02 17:53:33'),
(881, 31, 'Dung dịch chứa 0,5 mol NaOH trong 0,25 lít. Nồng độ mol/l là:', '1 M', '2 M', '3 M', '4 M', 'B', '2025-09-02 17:53:33'),
(882, 31, 'Tính phần trăm khối lượng C trong CH3COOH.', '40%', '46,7%', '50%', '53,3%', 'B', '2025-09-02 17:53:33'),
(883, 31, 'Khối lượng kết tủa thu được khi cho 0,1 mol AgNO3 tác dụng hết với NaCl.', '10,7 g', '14,35 g', '21,6 g', '28,7 g', 'B', '2025-09-02 17:53:33'),
(884, 31, 'Số mol e trao đổi trong phản ứng: Cu → Cu2+ + 2e.', '1', '2', '3', '4', 'B', '2025-09-02 17:53:33'),
(885, 31, 'Dung dịch HCl 0,01M có pH =', '1', '2', '3', '4', 'A', '2025-09-02 17:53:33'),
(886, 32, 'Choose the synonym of \'happy\':', 'angry', 'joyful', 'tired', 'sad', 'B', '2025-09-02 17:53:33'),
(887, 32, 'Choose the antonym of \'modern\':', 'latest', 'recent', 'ancient', 'new', 'C', '2025-09-02 17:53:33'),
(888, 32, 'Choose the synonym of \'intelligent\':', 'stupid', 'silly', 'lazy', 'clever', 'D', '2025-09-02 17:53:33'),
(889, 32, 'Choose the antonym of \'cheap\':', 'bad', 'small', 'expensive', 'dirty', 'C', '2025-09-02 17:53:33'),
(890, 32, 'Choose the synonym of \'rapid\':', 'quick', 'weak', 'lazy', 'slow', 'A', '2025-09-02 17:53:33'),
(891, 32, 'Choose the antonym of \'ancient\':', 'modern', 'traditional', 'historic', 'old', 'A', '2025-09-02 17:53:33'),
(892, 32, 'Choose the synonym of \'beautiful\':', 'bad', 'pretty', 'ugly', 'dirty', 'B', '2025-09-02 17:53:33'),
(893, 32, 'Choose the antonym of \'strong\':', 'powerful', 'tough', 'weak', 'hard', 'C', '2025-09-02 17:53:33'),
(894, 32, 'Choose the synonym of \'small\':', 'tiny', 'giant', 'huge', 'big', 'A', '2025-09-02 17:53:33'),
(895, 32, 'Choose the antonym of \'difficult\':', 'complex', 'tough', 'hard', 'easy', 'D', '2025-09-02 17:53:33'),
(896, 32, 'If I ____ harder, I would have passed.', 'had studied', 'studied', 'studying', 'study', 'A', '2025-09-02 17:53:33'),
(897, 32, 'The car ____ by my father yesterday.', 'drove', 'is driven', 'was driven', 'drives', 'C', '2025-09-02 17:53:33'),
(898, 32, 'She ____ to school every day.', 'gone', 'goes', 'go', 'going', 'B', '2025-09-02 17:53:33'),
(899, 32, 'They ____ television now.', 'watches', 'watching', 'are watching', 'watch', 'C', '2025-09-02 17:53:33'),
(900, 32, 'I ____ born in 2005.', 'am', 'is', 'was', 'are', 'C', '2025-09-02 17:53:33'),
(901, 32, 'We ____ English yesterday.', 'learnt', 'learn', 'learning', 'learned', 'D', '2025-09-02 17:53:33'),
(902, 32, 'I ____ to the cinema tomorrow.', 'will go', 'going', 'went', 'go', 'A', '2025-09-02 17:53:33'),
(903, 32, 'He ____ English for 2 years.', 'learned', 'learning', 'learns', 'has learned', 'D', '2025-09-02 17:53:33'),
(904, 32, 'By next year, I ____ here for 10 years.', 'live', 'lived', 'will have lived', 'will live', 'C', '2025-09-02 17:53:33'),
(905, 32, 'If it rains, we ____ at home.', 'stay', 'will stay', 'stayed', 'staying', 'B', '2025-09-02 17:53:33'),
(906, 32, 'Identify the error in: She suggested that he goes to the doctor.', 'She', 'goes', 'doctor', 'suggested', 'B', '2025-09-02 17:53:33'),
(907, 32, 'Identify the error in: He said he is tired but he didn’t want to stop.', 'said', 'stop', 'want', 'is', 'D', '2025-09-02 17:53:33'),
(908, 32, 'Identify the error in: This book are very interesting.', 'book', 'interesting', 'are', 'This', 'C', '2025-09-02 17:53:33'),
(909, 32, 'Identify the error in: She don’t like playing football.', 'like', 'football', 'She', 'don’t', 'D', '2025-09-02 17:53:33'),
(910, 32, 'Identify the error in: There is many students in the room.', 'many', 'There', 'is', 'room', 'C', '2025-09-02 17:53:33'),
(911, 32, 'I will call you tomorrow,\' he said → He said that he ____ call me the next day.', 'would', 'should', 'will', 'shall', 'A', '2025-09-02 17:53:33'),
(912, 32, 'People believe that she is the best student. → She ____ the best student.', 'is believing', 'believed to be', 'is believed to be', 'believes to be', 'C', '2025-09-02 17:53:33'),
(913, 32, 'I can swim,\' she said → She said that she ____ swim.', 'could', 'should', 'can', 'shall', 'A', '2025-09-02 17:53:33'),
(914, 32, 'They say that he is a good teacher. → He ____ a good teacher.', 'is saying', 'is said to be', 'say to be', 'said to be', 'B', '2025-09-02 17:53:33'),
(915, 32, 'I am studying now,\' he said → He said that he ____ studying then.', 'is', 'was', 'were', 'be', 'B', '2025-09-02 17:53:33'),
(916, 32, 'I have lived here ____ 5 years.', 'in', 'since', 'at', 'for', 'D', '2025-09-02 17:53:33'),
(917, 32, 'This is the man ____ helped me.', 'which', 'whose', 'whom', 'who', 'D', '2025-09-02 17:53:33'),
(918, 32, 'I prefer tea ____ coffee.', 'than', 'to', 'with', 'for', 'B', '2025-09-02 17:53:33'),
(919, 32, 'This is the place ____ we met.', 'where', 'what', 'which', 'who', 'A', '2025-09-02 17:53:33'),
(920, 32, 'She said she ____ come the next day.', 'would', 'can', 'will', 'could', 'A', '2025-09-02 17:53:33'),
(921, 32, 'Which is NOT a use of the Internet?', 'Working', 'Cooking', 'Entertainment', 'Studying', 'B', '2025-09-02 17:53:33'),
(922, 32, 'What is a disadvantage of the Internet?', 'Working online', 'Learning faster', 'Health problems', 'Entertainment', 'C', '2025-09-02 17:53:33'),
(923, 32, 'What does \'it\' refer to?', 'the Internet', 'studying', 'daily life', 'people', 'A', '2025-09-02 17:53:33'),
(924, 32, 'What is the main idea of the passage?', 'Disadvantages of studying', 'Benefits of the Internet', 'Avoiding health problems', 'Importance of the Internet', 'D', '2025-09-02 17:53:33'),
(925, 32, 'Spending too much time online may cause:', 'better work', 'health problems', 'entertainment', 'happiness', 'B', '2025-09-02 17:53:33'),
(926, 33, 'Choose the synonym of \'happy\'.', 'glad', 'sad', 'angry', 'weak', 'A', '2025-09-02 17:53:33'),
(927, 33, 'Choose the opposite of \'expensive\'.', 'cheap', 'dear', 'costly', 'valuable', 'A', '2025-09-02 17:53:33'),
(928, 33, 'Which word is related to school?', 'teacher', 'river', 'tree', 'car', 'A', '2025-09-02 17:53:33'),
(929, 33, 'Which one is a fruit?', 'apple', 'car', 'dog', 'table', 'A', '2025-09-02 17:53:33'),
(930, 33, 'Find the odd one: cat, dog, book, mouse.', 'book', 'cat', 'dog', 'mouse', 'A', '2025-09-02 17:53:33'),
(931, 33, 'The sun ___ in the east.', 'rises', 'sets', 'goes', 'puts', 'A', '2025-09-02 17:53:33'),
(932, 33, 'Choose the opposite of \'hot\'.', 'cold', 'warm', 'boil', 'heat', 'A', '2025-09-02 17:53:33'),
(933, 33, 'Choose the synonym of \'big\'.', 'large', 'small', 'tiny', 'narrow', 'A', '2025-09-02 17:53:33'),
(934, 33, 'Which is an animal?', 'elephant', 'book', 'pen', 'table', 'A', '2025-09-02 17:53:33'),
(935, 33, 'Choose the opposite of \'noisy\'.', 'quiet', 'loud', 'sound', 'voice', 'A', '2025-09-02 17:53:33'),
(936, 33, 'He ___ to school every day.', 'goes', 'go', 'went', 'gone', 'A', '2025-09-02 17:53:33'),
(937, 33, 'They ___ English now.', 'are studying', 'is studying', 'studied', 'study', 'A', '2025-09-02 17:53:33'),
(938, 33, 'Lan ___ a new book yesterday.', 'bought', 'buy', 'buys', 'buying', 'A', '2025-09-02 17:53:33'),
(939, 33, 'If it ___ tomorrow, we will stay at home.', 'rains', 'rain', 'raining', 'rained', 'A', '2025-09-02 17:53:33'),
(940, 33, 'The homework ___ by the students.', 'is done', 'do', 'does', 'did', 'A', '2025-09-02 17:53:33'),
(941, 33, 'We ___ dinner when the phone rang.', 'were having', 'are having', 'have', 'had', 'A', '2025-09-02 17:53:33'),
(942, 33, 'She ___ watching TV at 8 pm last night.', 'was', 'is', 'are', 'were', 'A', '2025-09-02 17:53:33'),
(943, 33, 'They ___ in Ha Noi since 2010.', 'have lived', 'live', 'lived', 'living', 'A', '2025-09-02 17:53:33'),
(944, 33, 'He ___ a letter at the moment.', 'is writing', 'writes', 'wrote', 'write', 'A', '2025-09-02 17:53:33'),
(945, 33, 'She ___ to the cinema next Sunday.', 'will go', 'go', 'goes', 'going', 'A', '2025-09-02 17:53:33'),
(946, 33, 'Find the error: She don\'t like apples.', 'don\'t', 'She', 'like', 'apples', 'A', '2025-09-02 17:53:33'),
(947, 33, 'Find the error: He go to school every day.', 'go', 'He', 'school', 'day', 'A', '2025-09-02 17:53:33'),
(948, 33, 'Find the error: They was playing football.', 'was', 'They', 'football', 'playing', 'A', '2025-09-02 17:53:33'),
(949, 33, 'Find the error: I am go to the park.', 'go', 'am', 'to', 'park', 'A', '2025-09-02 17:53:33'),
(950, 33, 'Find the error: She can sings very well.', 'sings', 'can', 'She', 'well', 'A', '2025-09-02 17:53:33'),
(951, 33, 'She is taller than Lan. → Lan is ___', 'shorter than she', 'shorter than her', 'taller than she', 'as tall as she', 'B', '2025-09-02 17:53:33'),
(952, 33, 'He started studying two hours ago. → He ___', 'has studied for two hours', 'studies two hours', 'is studying two hours', 'was studying two hours', 'A', '2025-09-02 17:53:33'),
(953, 33, 'The book is very interesting. → What ___', 'an interesting book', 'a interested book', 'a interest book', 'an interested book', 'A', '2025-09-02 17:53:33'),
(954, 33, 'My father works very hard. → My father is ___', 'a hard-working man', 'a hardly man', 'hard man', 'man hardworking', 'A', '2025-09-02 17:53:33'),
(955, 33, 'She last saw her mother two weeks ago. → She hasn\'t ___', 'seen her mother for two weeks', 'saw her mother for two weeks', 'see her mother two weeks', 'seeing her mother for two weeks', 'A', '2025-09-02 17:53:33'),
(956, 33, 'Cloze: He ___ (1) football every day. He ___ (2) it very much.', 'plays / likes', 'play / like', 'played / liking', 'playing / like', 'A', '2025-09-02 17:53:33'),
(957, 33, 'Cloze: My sister ___ (1) in Ha Noi. She ___ (2) to school by bike.', 'lives / goes', 'live / go', 'living / going', 'lived / went', 'A', '2025-09-02 17:53:33'),
(958, 33, 'Cloze: Yesterday we ___ (1) to the zoo and ___ (2) many animals.', 'went / saw', 'go / see', 'go / saw', 'went / see', 'A', '2025-09-02 17:53:33'),
(959, 33, 'Cloze: Nam is ___ (1) student. He ___ (2) in Hue.', 'a / lives', 'an / live', 'the / living', 'a / lived', 'A', '2025-09-02 17:53:33'),
(960, 33, 'Cloze: It is hot today. Let\'s ___ (1) swimming. – That\'s ___ (2) good idea.', 'go / a', 'going / the', 'to go / the', 'goes / a', 'A', '2025-09-02 17:53:33'),
(961, 33, 'Read: \'Hoa is 14 years old. She lives in Hue. She likes reading books.\' – How old is Hoa?', '14', '13', '15', '12', 'A', '2025-09-02 17:53:33'),
(962, 33, 'Where does Hoa live?', 'Hue', 'Hanoi', 'Da Nang', 'Saigon', 'A', '2025-09-02 17:53:33'),
(963, 33, 'What does Hoa like?', 'reading books', 'playing football', 'watching TV', 'singing', 'A', '2025-09-02 17:53:33'),
(964, 33, 'Read: \'Nam goes to school every morning. He is a good student.\' – What does Nam do every morning?', 'goes to school', 'reads books', 'plays football', 'watches TV', 'A', '2025-09-02 17:53:33'),
(965, 33, 'Nam is a ___?', 'good student', 'teacher', 'worker', 'doctor', 'A', '2025-09-02 17:53:33'),
(966, 34, 'Choose the synonym of \'important\'.', 'significant', 'tiny', 'cheap', 'weak', 'A', '2025-09-02 17:53:33'),
(967, 34, 'Choose the opposite of \'dangerous\'.', 'safe', 'risky', 'strong', 'careless', 'A', '2025-09-02 17:53:33'),
(968, 34, 'Which word is a job?', 'engineer', 'river', 'mountain', 'school', 'A', '2025-09-02 17:53:33'),
(969, 34, 'Which is a means of transport?', 'bicycle', 'teacher', 'book', 'dog', 'A', '2025-09-02 17:53:33'),
(970, 34, 'Find the odd one: bus, car, plane, banana.', 'banana', 'bus', 'car', 'plane', 'A', '2025-09-02 17:53:33'),
(971, 34, 'Choose the synonym of \'clever\'.', 'intelligent', 'stupid', 'lazy', 'weak', 'A', '2025-09-02 17:53:33'),
(972, 34, 'Choose the opposite of \'success\'.', 'failure', 'victory', 'win', 'achievement', 'A', '2025-09-02 17:53:33'),
(973, 34, 'Choose the synonym of \'angry\'.', 'furious', 'happy', 'calm', 'quiet', 'A', '2025-09-02 17:53:33'),
(974, 34, 'Choose the opposite of \'modern\'.', 'ancient', 'new', 'latest', 'up-to-date', 'A', '2025-09-02 17:53:33'),
(975, 34, 'Choose the synonym of \'begin\'.', 'start', 'finish', 'end', 'stop', 'A', '2025-09-02 17:53:33'),
(976, 34, 'If I ___ you, I would study harder.', 'were', 'am', 'is', 'was', 'A', '2025-09-02 17:53:33'),
(977, 34, 'She has lived here ___ 2010.', 'since', 'for', 'at', 'in', 'A', '2025-09-02 17:53:33'),
(978, 34, 'English ___ in many countries.', 'is spoken', 'speak', 'speaks', 'spoken', 'A', '2025-09-02 17:53:33'),
(979, 34, 'He ___ TV when his mother came home.', 'was watching', 'watched', 'is watching', 'watches', 'A', '2025-09-02 17:53:33'),
(980, 34, 'Lan said she ___ busy then.', 'was', 'is', 'are', 'were', 'A', '2025-09-02 17:53:33'),
(981, 34, 'They ___ to Ha Long Bay last summer.', 'went', 'go', 'going', 'goes', 'A', '2025-09-02 17:53:33'),
(982, 34, 'The letters ___ yesterday.', 'were sent', 'sent', 'are sent', 'is sent', 'A', '2025-09-02 17:53:33'),
(983, 34, 'She ___ a new dress next week.', 'will buy', 'buy', 'buys', 'bought', 'A', '2025-09-02 17:53:33'),
(984, 34, 'The homework ___ by Minh now.', 'is being done', 'done', 'was done', 'does', 'A', '2025-09-02 17:53:33'),
(985, 34, 'He ___ to school yet.', 'hasn\'t gone', 'has gone', 'goes', 'went', 'A', '2025-09-02 17:53:33'),
(986, 34, 'Find the error: She enjoy to play tennis.', 'enjoy', 'She', 'to play', 'tennis', 'C', '2025-09-02 17:53:33'),
(987, 34, 'Find the error: They has finished their work.', 'has', 'They', 'work', 'finished', 'A', '2025-09-02 17:53:33'),
(988, 34, 'Find the error: He can to swim very well.', 'to', 'He', 'swim', 'well', 'A', '2025-09-02 17:53:33'),
(989, 34, 'Find the error: The students was in the classroom.', 'was', 'students', 'in', 'the', 'A', '2025-09-02 17:53:33'),
(990, 34, 'Find the error: She don\'t like milk.', 'don\'t', 'She', 'milk', 'like', 'A', '2025-09-02 17:53:33'),
(991, 34, 'She started learning English 5 years ago. → She ___', 'has learned English for 5 years', 'learns English 5 years', 'learned English since 5 years', 'has been learning English 5 years ago', 'A', '2025-09-02 17:53:33'),
(992, 34, 'The last time I saw him was in 2010. → I haven\'t ___', 'seen him since 2010', 'saw him in 2010', 'see him since 2010', 'seeing him in 2010', 'A', '2025-09-02 17:53:33'),
(993, 34, 'It\'s necessary for you to do the homework. → You ___', 'must do the homework', 'can do the homework', 'may do the homework', 'could do the homework', 'A', '2025-09-02 17:53:33'),
(994, 34, 'She is too short to reach the shelf. → She is not ___', 'tall enough to reach the shelf', 'short enough to reach the shelf', 'tall to reach', 'able reach', 'A', '2025-09-02 17:53:33'),
(995, 34, 'People grow rice in Vietnam. → Rice ___', 'is grown in Vietnam', 'grows in Vietnam', 'is grow in Vietnam', 'is grew in Vietnam', 'A', '2025-09-02 17:53:33'),
(996, 34, 'Cloze: My father ___ (1) newspapers every morning. He ___ (2) it very much.', 'reads / likes', 'read / like', 'read / liking', 'reading / like', 'A', '2025-09-02 17:53:33'),
(997, 34, 'Cloze: Hoa ___ (1) in Ha Noi since 2010. She ___ (2) in a factory.', 'has lived / has worked', 'lived / worked', 'lives / works', 'living / working', 'A', '2025-09-02 17:53:33'),
(998, 34, 'Cloze: We ___ (1) dinner when the phone ___ (2).', 'were having / rang', 'have / ring', 'had / rings', 'are having / ringing', 'A', '2025-09-02 17:53:33'),
(999, 34, 'Cloze: If it ___ (1) tomorrow, we ___ (2) at home.', 'rains / will stay', 'rain / stay', 'raining / stayed', 'rained / stays', 'A', '2025-09-02 17:53:33'),
(1000, 34, 'Cloze: The letters ___ (1) yesterday and they ___ (2) now.', 'were sent / are reading', 'was send / read', 'is sent / are reads', 'send / read', 'A', '2025-09-02 17:53:33'),
(1001, 34, 'Read: \'Ha Long Bay is one of the most famous places in Vietnam. Many tourists visit it every year.\' – What is Ha Long Bay?', 'a famous place', 'a mountain', 'a river', 'a school', 'A', '2025-09-02 17:53:33'),
(1002, 34, 'Where is Ha Long Bay?', 'Vietnam', 'China', 'Japan', 'Thailand', 'A', '2025-09-02 17:53:33'),
(1003, 34, 'Who visits Ha Long Bay every year?', 'many tourists', 'students', 'farmers', 'teachers', 'A', '2025-09-02 17:53:33'),
(1004, 34, 'Read: \'English is an international language. Millions of people speak it worldwide.\' – What is English?', 'an international language', 'a local language', 'not important', 'only for Asia', 'A', '2025-09-02 17:53:33'),
(1005, 34, 'How many people use English?', 'millions', 'thousands', 'hundreds', 'none', 'A', '2025-09-02 17:53:33'),
(1006, 35, 'Choose the synonym of \'rapid\'.', 'fast', 'slow', 'weak', 'lazy', 'A', '2025-09-02 17:53:33'),
(1007, 35, 'Choose the opposite of \'generous\'.', 'mean', 'kind', 'happy', 'polite', 'A', '2025-09-02 17:53:33'),
(1008, 35, 'Choose the synonym of \'famous\'.', 'well-known', 'unknown', 'normal', 'poor', 'A', '2025-09-02 17:53:33'),
(1009, 35, 'Choose the opposite of \'ancient\'.', 'modern', 'old', 'aged', 'historic', 'A', '2025-09-02 17:53:33'),
(1010, 35, 'Choose the synonym of \'difficult\'.', 'hard', 'easy', 'soft', 'simple', 'A', '2025-09-02 17:53:33'),
(1011, 35, 'Choose the opposite of \'honest\'.', 'dishonest', 'truthful', 'sincere', 'loyal', 'A', '2025-09-02 17:53:33'),
(1012, 35, 'Choose the synonym of \'opinion\'.', 'view', 'fact', 'lie', 'truth', 'A', '2025-09-02 17:53:33'),
(1013, 35, 'Choose the opposite of \'love\'.', 'hate', 'like', 'enjoy', 'adore', 'A', '2025-09-02 17:53:33'),
(1014, 35, 'Choose the synonym of \'job\'.', 'occupation', 'holiday', 'festival', 'rest', 'A', '2025-09-02 17:53:33'),
(1015, 35, 'Choose the opposite of \'victory\'.', 'defeat', 'success', 'win', 'prize', 'A', '2025-09-02 17:53:33'),
(1016, 35, 'If it ___, we would cancel the trip.', 'rained', 'rains', 'rain', 'to rain', 'A', '2025-09-02 17:53:33'),
(1017, 35, 'He ___ his homework before 8pm yesterday.', 'had finished', 'finished', 'finishes', 'is finishing', 'A', '2025-09-02 17:53:33'),
(1018, 35, 'The book ___ was interesting.', 'which I read', 'I read which', 'I which read', 'read I which', 'A', '2025-09-02 17:53:33'),
(1019, 35, 'She asked me where I ___.', 'was', 'am', 'be', 'is', 'A', '2025-09-02 17:53:33'),
(1020, 35, 'The test ___ next week.', 'will be held', 'held', 'is hold', 'hold', 'A', '2025-09-02 17:53:33'),
(1021, 35, 'He suggested ___ to the park.', 'going', 'go', 'to go', 'gone', 'A', '2025-09-02 17:53:33'),
(1022, 35, 'It\'s important ___ English well.', 'to learn', 'learn', 'learning', 'learns', 'A', '2025-09-02 17:53:33'),
(1023, 35, 'She said she ___ to Ha Noi the next day.', 'would go', 'go', 'goes', 'will go', 'A', '2025-09-02 17:53:33'),
(1024, 35, 'This is the boy ___ mother is a doctor.', 'whose', 'who', 'which', 'that', 'A', '2025-09-02 17:53:33'),
(1025, 35, 'Lan said she ___ hungry.', 'was', 'is', 'were', 'are', 'A', '2025-09-02 17:53:33'),
(1026, 35, 'Find the error: If I was you, I will study harder.', 'was', 'you', 'will', 'study', 'C', '2025-09-02 17:53:33'),
(1027, 35, 'Find the error: He suggested to go to the cinema.', 'to go', 'He', 'cinema', 'suggested', 'A', '2025-09-02 17:53:33'),
(1028, 35, 'Find the error: She said me that she was busy.', 'said', 'me', 'that', 'was', 'A', '2025-09-02 17:53:33'),
(1029, 35, 'Find the error: The book which I buy yesterday is interesting.', 'buy', 'book', 'is', 'yesterday', 'A', '2025-09-02 17:53:33'),
(1030, 35, 'Find the error: He don\'t know the answer.', 'don\'t', 'He', 'know', 'answer', 'A', '2025-09-02 17:53:33'),
(1031, 35, 'She last visited her parents two months ago. → She hasn\'t ___', 'visited her parents for two months', 'visits her parents for two months', 'visit her parents for two months', 'visiting her parents since two months', 'A', '2025-09-02 17:53:33'),
(1032, 35, 'People speak English all over the world. → English ___', 'is spoken all over the world', 'spoken all over the world', 'was spoken all over the world', 'speaks all over the world', 'A', '2025-09-02 17:53:33'),
(1033, 35, 'He said: \'I am tired.\' → He said that he ___ tired.', 'was', 'is', 'are', 'were', 'A', '2025-09-02 17:53:33'),
(1034, 35, 'The last time I saw her was in 2015. → I haven\'t ___', 'seen her since 2015', 'see her since 2015', 'saw her since 2015', 'seeing her since 2015', 'A', '2025-09-02 17:53:33'),
(1035, 35, 'It\'s a pity I can\'t play the piano. → I wish I ___ the piano.', 'could play', 'can play', 'play', 'played', 'A', '2025-09-02 17:53:33'),
(1036, 35, 'Cloze: If I ___ (1) enough money, I ___ (2) a new computer.', 'had / would buy', 'have / will buy', 'had / will buy', 'has / would buy', 'A', '2025-09-02 17:53:33'),
(1037, 35, 'Cloze: She ___ (1) English for 5 years and she ___ (2) it very well.', 'has learned / uses', 'learned / use', 'learns / use', 'learning / using', 'A', '2025-09-02 17:53:33'),
(1038, 35, 'Cloze: The letters ___ (1) yesterday and they ___ (2) now.', 'were sent / are reading', 'was sent / read', 'is sent / are reads', 'send / read', 'A', '2025-09-02 17:53:33'),
(1039, 35, 'Cloze: If it ___ (1) tomorrow, we ___ (2) at home.', 'rains / will stay', 'rain / stay', 'raining / stayed', 'rained / stays', 'A', '2025-09-02 17:53:33'),
(1040, 35, 'Cloze: He ___ (1) TV when the phone ___ (2).', 'was watching / rang', 'watch / ring', 'watched / rings', 'is watching / ringing', 'A', '2025-09-02 17:53:33'),
(1041, 35, 'Read: \'Ha Noi is the capital of Vietnam. It is famous for many historical places.\' – What is Ha Noi?', 'the capital of Vietnam', 'a village', 'a city in China', 'a river', 'A', '2025-09-02 17:53:33'),
(1042, 35, 'What is Ha Noi famous for?', 'historical places', 'food', 'people', 'weather', 'A', '2025-09-02 17:53:33'),
(1043, 35, 'Read: \'Phong Nha Cave is one of the most beautiful caves in the world.\' – What is Phong Nha?', 'a cave', 'a mountain', 'a river', 'a lake', 'A', '2025-09-02 17:53:33'),
(1044, 35, 'Where is Phong Nha Cave?', 'Vietnam', 'China', 'Thailand', 'Japan', 'A', '2025-09-02 17:53:33'),
(1045, 35, 'Read: \'English is very important in modern life. People use it in many fields.\' – What is English used in?', 'many fields', 'only in Vietnam', 'just at school', 'only in America', 'A', '2025-09-02 17:53:33'),
(1046, 36, 'Choose the word CLOSEST in meaning to \'abundant\'.', 'scarce', 'plentiful', 'ordinary', 'tiny', 'B', '2025-09-02 17:53:33'),
(1047, 36, 'Choose the word OPPOSITE in meaning in \'reluctant\'.', 'willing', 'anxious', 'hesitant', 'unsure', 'A', '2025-09-02 17:53:33'),
(1048, 36, 'Complete the sentence: Students should pay ___ in class.', 'notice', 'attention', 'look', 'regard', 'B', '2025-09-02 17:53:33'),
(1049, 36, 'Choose the best option: The boy really ___ his father.', 'looks up to', 'looks down on', 'looks for', 'looks after', 'A', '2025-09-02 17:53:33'),
(1050, 36, 'Choose the correct form: Her ___ in the exam surprised everyone.', 'succeed', 'success', 'successful', 'successfully', 'B', '2025-09-02 17:53:33'),
(1051, 36, 'Choose the best word: The museum offers free ___ for students on Sundays.', 'admission', 'permission', 'agreement', 'allowance', 'A', '2025-09-02 17:53:33'),
(1052, 36, 'Choose the correct collocation: After thinking for days, she finally ___ a decision.', 'did', 'made', 'got', 'took', 'B', '2025-09-02 17:53:33'),
(1053, 36, 'Choose the word CLOSEST in meaning to \'ancient\'.', 'modern', 'old-fashioned', 'prehistoric', 'contemporary', 'C', '2025-09-02 17:53:33'),
(1054, 36, 'Choose the best word: The new smartphone is not ___ to the old one; it\'s better in many ways.', 'comparable', 'considerate', 'confident', 'convenient', 'A', '2025-09-02 17:53:33'),
(1055, 36, 'Choose the correct preposition: She is responsible ___ organizing the event.', 'to', 'for', 'with', 'about', 'B', '2025-09-02 17:53:33'),
(1056, 36, 'Choose the correct verb form: Neither the teacher nor the students ___ satisfied.', 'is', 'are', 'be', 'were', 'B', '2025-09-02 17:53:33'),
(1057, 36, 'Choose the correct tense: He had already ___ his homework when I called.', 'has finished', 'had finished', 'finishes', 'was finishing', 'B', '2025-09-02 17:53:33'),
(1058, 36, 'Choose the correct form: If I ___ rich, I would travel around the world.', 'am', 'were', 'was', 'be', 'B', '2025-09-02 17:53:33'),
(1059, 36, 'Choose the correct passive form: They will hold the meeting tomorrow.', 'The meeting will be held tomorrow.', 'The meeting is held tomorrow.', 'The meeting has been held tomorrow.', 'The meeting was held tomorrow.', 'A', '2025-09-02 17:53:33'),
(1060, 36, 'Choose the correct relative pronoun: The book ___ I borrowed is interesting.', 'which', 'who', 'whom', 'where', 'A', '2025-09-02 17:53:33'),
(1061, 36, 'Choose the correct comparative form: This road is ___ than the other one.', 'most narrow', 'narrower', 'more narrow', 'the most narrow', 'B', '2025-09-02 17:53:33'),
(1062, 36, 'Choose the correct article: ___ Nile is the longest river in Africa.', 'A', 'An', 'The', 'No article', 'C', '2025-09-02 17:53:33'),
(1063, 36, 'Choose the correct reported speech: John said, \'I am studying now.\'', 'John said that he is studying then.', 'John said that he was studying then.', 'John said that he were studying then.', 'John said that he has been studying then.', 'B', '2025-09-02 17:53:33'),
(1064, 36, 'Choose the correct preposition: He is interested ___ biology.', 'in', 'on', 'about', 'for', 'A', '2025-09-02 17:53:33'),
(1065, 36, 'Choose the best modal verb: You ___ finish your homework before playing games.', 'may', 'should', 'can', 'would', 'B', '2025-09-02 17:53:33'),
(1066, 36, 'Choose the underlined part that contains an error: She enjoys to read novels in her free time.', 'enjoys', 'to read', 'novels', 'in her free time', 'B', '2025-09-02 17:53:33'),
(1067, 36, 'Choose the underlined part that contains an error: The information are not accurate.', 'The information', 'are', 'not', 'accurate', 'B', '2025-09-02 17:53:33'),
(1068, 36, 'Choose the underlined part that contains an error: He suggested to go to the cinema.', 'He', 'suggested', 'to go', 'to the cinema', 'C', '2025-09-02 17:53:33'),
(1069, 36, 'Choose the underlined part that contains an error: My father has worked in this factory since ten years.', 'has worked in this factory', 'since', 'ten years', ' ', 'C', '2025-09-02 17:53:33'),
(1070, 36, 'Choose the underlined part that contains an error: The book which I bought it yesterday is expensive.', 'The book', 'which I bought it', 'yesterday', 'is expensive', 'B', '2025-09-02 17:53:33'),
(1071, 36, 'Choose the sentence closest in meaning: It\'s not necessary for you to come early.', 'You must come early.', 'You needn\'t come early.', 'You should have come early.', 'You had better come early.', 'B', '2025-09-02 17:53:33'),
(1072, 36, 'Choose the sentence closest in meaning: Despite being tired, she finished her work.', 'Although she was tired, she finished her work.', 'Because she was tired, she finished her work.', 'In spite of she was tired, she finished her work.', 'She finished her work so she was tired.', 'A', '2025-09-02 17:53:33'),
(1073, 36, 'Choose the sentence closest in meaning: They started playing football two hours ago.', 'They have played football for two hours.', 'They play football since two hours.', 'They are playing football two hours ago.', 'They will have played football for two hours.', 'A', '2025-09-02 17:53:33'),
(1074, 36, 'Choose the sentence closest in meaning: The last time I saw him was in 2023.', 'I haven\'t seen him since 2023.', 'I didn\'t see him in 2023.', 'I had seen him in 2023.', 'I have seen him in 2023.', 'A', '2025-09-02 17:53:33'),
(1075, 36, 'Choose the sentence closest in meaning: Jane is more intelligent than any other student in her class.', 'Jane is the most intelligent student in her class.', 'Jane is as intelligent as the other students in her class.', 'No students in her class is as intelligent as Jane.', 'Jane is more intelligent as the other students.', 'A', '2025-09-02 17:53:33'),
(1076, 36, 'Read the passage and choose the best answer for blank (1): Online learning has become increasingly popular in recent years. It allows students to study at home and (1) _____ their schedules more easily. However, staying motivated can be difficult. To be successful, learners should set clear goals, create a quiet (2) _____ for study, and take regular breaks. It is also important to interact with teachers and classmates through forums or video calls. By asking questions and sharing ideas, students can feel more (3) _____ and improve their understanding. Finally, they should (4) _____ their progress weekly and adjust their plans if necessary to stay on (5) _____.', 'arrange', 'manage', 'design', 'operate', 'B', '2025-09-02 17:53:33'),
(1077, 36, 'Using the same passage above, choose the best answer for blank (2).', 'atmosphere', 'environment', 'location', 'corner', 'B', '2025-09-02 17:53:33'),
(1078, 36, 'Using the same passage above, choose the best answer for blank (3).', 'connected', 'lonely', 'silent', 'private', 'A', '2025-09-02 17:53:33'),
(1079, 36, 'Using the same passage above, choose the best answer for blank (4).', 'measure', 'predict', 'prevent', 'ignore', 'A', '2025-09-02 17:53:33'),
(1080, 36, 'Using the same passage above, choose the best answer for blank (5).', 'way', 'line', 'track', 'road', 'C', '2025-09-02 17:53:33'),
(1081, 36, 'Read the passage and choose the best answer to the question: Many high school students choose to take part-time jobs. Working after school can teach responsibility and time management. Students learn to communicate with customers, cooperate with teammates, and solve problems under pressure. However, part-time work also has drawbacks. Long hours may lead to stress and lower grades, especially during exam periods. To find a balance, students should limit their working hours and choose jobs that match their skills or interests. When work supports learning and personal growth, it can be a valuable experience rather than a distraction. What is the main idea of the passage?', 'Part-time jobs always harm students.', 'Part-time jobs have benefits and drawbacks for students.', 'Students should avoid working until university.', 'Employers should pay students more.', 'B', '2025-09-02 17:53:33'),
(1082, 36, 'According to the passage, which is NOT mentioned as a benefit of part-time jobs?', 'Responsibility', 'Time management', 'Communication', 'Higher salaries', 'D', '2025-09-02 17:53:33'),
(1083, 36, 'According to the passage, when can part-time work be harmful?', 'When hours are long during exam periods.', 'When jobs match students\' interests.', 'When students learn to cooperate.', 'When employers are friendly.', 'A', '2025-09-02 17:53:33'),
(1084, 36, 'The word \'balance\' in the passage is closest in meaning to:', 'schedule', 'advantage', 'harmony', 'opinion', 'C', '2025-09-02 17:53:33'),
(1085, 36, 'The word \'it\' in the last sentence refers to:', 'personal growth', 'working after school', 'exam periods', 'lower grades', 'B', '2025-09-02 17:53:33'),
(1086, 37, 'Choose the word CLOSEST in meaning to \'eliminate\'.', 'remove', 'create', 'ignore', 'add', 'A', '2025-09-02 17:53:33'),
(1087, 37, 'Choose the word OPPOSITE in meaning to \'optimistic\'.', 'hopeful', 'positive', 'pessimistic', 'confident', 'C', '2025-09-02 17:53:33'),
(1088, 37, 'Complete the sentence: The company needs to ___ new staff immediately.', 'recruit', 'fire', 'delay', 'produce', 'A', '2025-09-02 17:53:33'),
(1089, 37, 'Choose the correct collocation: He has a strong ___ for music.', 'ability', 'talent', 'skill', 'gift', 'B', '2025-09-02 17:53:33'),
(1090, 37, 'Choose the best word: This new law will come into ___ next month.', 'force', 'strength', 'effect', 'power', 'C', '2025-09-02 17:53:33'),
(1091, 37, 'Choose the word CLOSEST in meaning to \'sustainable\'.', 'temporary', 'lasting', 'fragile', 'short-term', 'B', '2025-09-02 17:53:33'),
(1092, 37, 'Choose the correct phrase: The teacher asked the students to hand ___ their papers.', 'out', 'over', 'in', 'off', 'C', '2025-09-02 17:53:33'),
(1093, 37, 'Choose the best word: The internet can be a useful ___ of information.', 'resource', 'reason', 'result', 'report', 'A', '2025-09-02 17:53:33'),
(1094, 37, 'Choose the correct word: She made a great ___ on the audience with her speech.', 'impression', 'impact', 'affection', 'decision', 'A', '2025-09-02 17:53:33'),
(1095, 37, 'Choose the correct preposition: They succeeded ___ solving the problem.', 'on', 'in', 'about', 'for', 'B', '2025-09-02 17:53:33'),
(1096, 37, 'Choose the correct conditional: If he had studied harder, he ___ the exam.', 'will pass', 'would pass', 'would have passed', 'passes', 'C', '2025-09-02 17:53:33'),
(1097, 37, 'Choose the correct tense: By the time she arrived, we ___ for an hour.', 'wait', 'have waited', 'had been waiting', 'waited', 'C', '2025-09-02 17:53:33'),
(1098, 37, 'Choose the correct form: The problem needs ___ immediately.', 'to solve', 'solved', 'be solved', 'solving', 'D', '2025-09-02 17:53:33'),
(1099, 37, 'Choose the correct voice: They are going to build a new bridge here.', 'A new bridge is built here.', 'A new bridge is going to build here.', 'A new bridge is going to be built here.', 'A new bridge was being built here.', 'C', '2025-09-02 17:53:33');
INSERT INTO `questions` (`question_id`, `exam_id`, `question_text`, `option_a`, `option_b`, `option_c`, `option_d`, `correct_answer`, `created_at`) VALUES
(1100, 37, 'Choose the correct word order: Only after the meeting ___ the decision.', 'they announced', 'was announced', 'did they announce', 'they had announced', 'C', '2025-09-02 17:53:33'),
(1101, 37, 'Choose the correct article: He is ___ honest man.', 'a', 'an', 'the', 'no article', 'B', '2025-09-02 17:53:33'),
(1102, 37, 'Choose the correct relative pronoun: That is the place ___ we met years ago.', 'which', 'where', 'who', 'what', 'B', '2025-09-02 17:53:33'),
(1103, 37, 'Choose the correct reported speech: She said, \'I will call you tomorrow.\'', 'She said she will call me the next day.', 'She said that he was studying then.', 'She said she would call me the next day.', 'She said she will call me tomorrow.', 'C', '2025-09-02 17:53:33'),
(1104, 37, 'Choose the correct modal verb: You ___ smoke here; it’s forbidden.', 'mustn\'t', 'can\'t', 'shouldn\'t', 'wouldn\'t', 'A', '2025-09-02 17:53:33'),
(1105, 37, 'Choose the correct form: Not only ___ late, but he also forgot his homework.', 'did he arrive', 'he arrived', 'does he arrive', 'he had arrived', 'A', '2025-09-02 17:53:33'),
(1106, 37, 'Choose the underlined part that contains an error: She prevented me from to go out at night.', 'prevented', 'me', 'from', 'to go', 'D', '2025-09-02 17:53:33'),
(1107, 37, 'Choose the underlined part that contains an error: The books on the shelf needs to be arranged neatly.', 'The books', 'on the shelf', 'needs', 'to be arranged', 'C', '2025-09-02 17:53:33'),
(1108, 37, 'Choose the underlined part that contains an error: Neither the teacher nor the students was ready for the trip.', 'Neither', 'the teacher', 'nor the students', 'was', 'D', '2025-09-02 17:53:33'),
(1109, 37, 'Choose the underlined part that contains an error: He suggested that she studies harder for the next exam.', 'He suggested', 'that', 'she', 'studies', 'D', '2025-09-02 17:53:33'),
(1110, 37, 'Choose the underlined part that contains an error: Unless you will study harder, you won\'t pass the exam.', 'Unless', 'you will study', 'harder', 'you won\'t pass', 'B', '2025-09-02 17:53:33'),
(1111, 37, 'Choose the sentence closest in meaning: They last visited Hanoi two years ago.', 'They have visited Hanoi for two years.', 'They haven\'t visited Hanoi for two years.', 'They visited Hanoi two years.', 'They were visiting Hanoi two years ago.', 'B', '2025-09-02 17:53:33'),
(1112, 37, 'Choose the sentence closest in meaning: She is too short to reach the top shelf.', 'She is so short that she can\'t reach the top shelf.', 'She is very short and she can reach the top shelf.', 'She is short enough to reach the top shelf.', 'She is shorter to reach the top shelf.', 'A', '2025-09-02 17:53:33'),
(1113, 37, 'Choose the sentence closest in meaning: They said that she had passed the exam.', 'She is said to pass the exam.', 'She is said to have passed the exam.', 'She was said she passed the exam.', 'She said she passed the exam.', 'B', '2025-09-02 17:53:33'),
(1114, 37, 'Choose the sentence closest in meaning: It is believed that the boy is intelligent.', 'The boy believes to be intelligent.', 'The boy is believed to be intelligent.', 'The boy was believed being intelligent.', 'The boy is believed that he is intelligent.', 'B', '2025-09-02 17:53:33'),
(1115, 37, 'Choose the sentence closest in meaning: No sooner had he entered the room than the phone rang.', 'As soon as he entered the room, the phone rang.', 'He entered the room when the phone rang.', 'He had entered the room because the phone rang.', 'The phone rang before he entered the room.', 'A', '2025-09-02 17:53:33'),
(1116, 37, 'Read the passage and choose the best answer for blank (1): Global warming is one of the most serious problems facing humanity. The Earth\'s temperature is rising, mainly due to (1) _____ activities such as burning fossil fuels. This leads to melting glaciers and rising sea levels. To (2) _____ this problem, countries need to reduce emissions and use renewable energy sources. Public awareness is also important. By changing daily habits, people can (3) _____ energy and reduce waste. If we do not act now, the future generations will face severe (4) _____ . Therefore, protecting the environment should be everyone\'s (5) _____.', 'natural', 'human', 'environmental', 'global', 'B', '2025-09-02 17:53:33'),
(1117, 37, 'Using the same passage above, choose the best answer for blank (2).', 'solve', 'cause', 'increase', 'create', 'A', '2025-09-02 17:53:33'),
(1118, 37, 'Using the same passage above, choose the best answer for blank (3).', 'waste', 'save', 'spend', 'produce', 'B', '2025-09-02 17:53:33'),
(1119, 37, 'Using the same passage above, choose the best answer for blank (4).', 'solutions', 'benefits', 'consequences', 'advantages', 'C', '2025-09-02 17:53:33'),
(1120, 37, 'Using the same passage above, choose the best answer for blank (5).', 'responsibility', 'benefit', 'success', 'profit', 'A', '2025-09-02 17:53:33'),
(1121, 37, 'Read the passage and answer the question: Volunteering brings many benefits to both individuals and communities. When students volunteer, they not only help those in need but also gain valuable experience. They develop soft skills such as teamwork, communication, and problem-solving. Moreover, volunteering can improve students\' self-confidence and broaden their perspective on life. However, it requires time and effort, so students need to balance volunteering with their studies. Despite the challenges, the rewards of volunteering are long-lasting and meaningful. What is the main idea of the passage?', 'Volunteering only benefits communities.', 'Volunteering is rewarding but requires balance.', 'Students should not spend time volunteering.', 'Volunteering is a waste of time for students.', 'B', '2025-09-02 17:53:33'),
(1122, 37, 'According to the passage, which skill is NOT mentioned as gained from volunteering?', 'Teamwork', 'Communication', 'Problem-solving', 'Mathematics', 'D', '2025-09-02 17:53:33'),
(1123, 37, 'What is one challenge of volunteering mentioned in the passage?', 'It lowers self-confidence.', 'It requires time and effort.', 'It reduces perspective.', 'It decreases teamwork.', 'B', '2025-09-02 17:53:33'),
(1124, 37, 'The word \'meaningful\' in the last sentence is closest in meaning to:', 'worthless', 'valuable', 'boring', 'useless', 'B', '2025-09-02 17:53:33'),
(1125, 37, 'The word \'they\' in the second sentence refers to:', 'students', 'communities', 'skills', 'benefits', 'A', '2025-09-02 17:53:33'),
(1126, 38, 'Choose the word CLOSEST in meaning to \'innovative\'.', 'traditional', 'creative', 'boring', 'outdated', 'B', '2025-09-02 17:53:33'),
(1127, 38, 'Choose the word OPPOSITE in meaning to \'flexible\'.', 'adaptable', 'rigid', 'easy', 'soft', 'B', '2025-09-02 17:53:33'),
(1128, 38, 'Complete the sentence: The government launched a campaign to raise public ___ about health issues.', 'awareness', 'knowledge', 'education', 'conscious', 'A', '2025-09-02 17:53:33'),
(1129, 38, 'Choose the correct collocation: He plays a vital ___ in the success of the project.', 'position', 'part', 'role', 'place', 'C', '2025-09-02 17:53:33'),
(1130, 38, 'Choose the best word: The new policy will have a significant ___ on the economy.', 'affect', 'influence', 'impact', 'effect', 'C', '2025-09-02 17:53:33'),
(1131, 38, 'Choose the word CLOSEST in meaning to \'resilient\'.', 'weak', 'strong', 'fragile', 'dependent', 'B', '2025-09-02 17:53:33'),
(1132, 38, 'Choose the correct phrase: They finally carried ___ the plan after months of preparation.', 'on', 'off', 'out', 'over', 'C', '2025-09-02 17:53:33'),
(1133, 38, 'Choose the best word: He made a remarkable ___ to science.', 'contribution', 'distribution', 'reputation', 'solution', 'A', '2025-09-02 17:53:33'),
(1134, 38, 'Choose the correct word: The company needs to ___ its system to meet new demands.', 'upgrade', 'downgrade', 'reduce', 'lessen', 'A', '2025-09-02 17:53:33'),
(1135, 38, 'Choose the correct preposition: He is qualified ___ teaching English.', 'for', 'on', 'in', 'with', 'A', '2025-09-02 17:53:33'),
(1136, 38, 'Choose the correct conditional: If I had known the answer, I ___ it.', 'would tell', 'would have told', 'told', 'will tell', 'B', '2025-09-02 17:53:33'),
(1137, 38, 'Choose the correct tense: By next year, they ___ in this city for 20 years.', 'live', 'will have lived', 'will live', 'lived', 'B', '2025-09-02 17:53:33'),
(1138, 38, 'Choose the correct form: She prefers ___ to classical music.', 'listen', 'listens', 'listening', 'to listening', 'C', '2025-09-02 17:53:33'),
(1139, 38, 'Choose the correct passive form: People believe that he is a great teacher.', 'He is believed to be a great teacher.', 'He was believed being a great teacher.', 'He believes to be a great teacher.', 'He is believed that he is a great teacher.', 'A', '2025-09-02 17:53:33'),
(1140, 38, 'Choose the correct inversion: Hardly ___ when the bus arrived.', 'he had left', 'had he left', 'he left', 'did he left', 'B', '2025-09-02 17:53:33'),
(1141, 38, 'Choose the correct article: She wants to become ___ engineer.', 'a', 'an', 'the', 'no article', 'B', '2025-09-02 17:53:33'),
(1142, 38, 'Choose the correct relative pronoun: She didn\'t tell me the reason ___ she was late.', 'which', 'why', 'that', 'when', 'B', '2025-09-02 17:53:33'),
(1143, 38, 'Choose the correct reported speech: He said, \'I have finished my homework.\'', 'He said he finished his homework.', 'He said he had finished his homework.', 'He said he finishes his homework.', 'He said he has finished his homework.', 'B', '2025-09-02 17:53:33'),
(1144, 38, 'Choose the correct modal verb: You ___ wear a helmet when riding a motorbike; it’s the law.', 'must', 'can', 'may', 'would', 'A', '2025-09-02 17:53:33'),
(1145, 38, 'Choose the correct form: No sooner ___ the teacher entered than the students stood up.', 'had', 'did', 'does', 'has', 'A', '2025-09-02 17:53:33'),
(1146, 38, 'Choose the underlined part that contains an error: She suggested me to apply for that position.', 'suggested', 'me', 'to apply', 'for that position', 'C', '2025-09-02 17:53:33'),
(1147, 38, 'Choose the underlined part that contains an error: The news are very surprising to all of us.', 'The news', 'are', 'very surprising', 'to all of us', 'B', '2025-09-02 17:53:33'),
(1148, 38, 'Choose the underlined part that contains an error: Had I knew about the traffic, I would have left earlier.', 'Had', 'I knew', 'about the traffic', 'I would have left earlier', 'B', '2025-09-02 17:53:33'),
(1149, 38, 'Choose the underlined part that contains an error: The students were interesting in the science exhibition.', 'students', 'were', 'interesting', 'in the science exhibition', 'C', '2025-09-02 17:53:33'),
(1150, 38, 'Choose the underlined part that contains an error: He denied to steal the money.', 'denied', 'to steal', 'the money', 'none', 'B', '2025-09-02 17:53:33'),
(1151, 38, 'Choose the sentence closest in meaning: People say that she is a good doctor.', 'She was said to be a good doctor.', 'She is said to be a good doctor.', 'She said she was a good doctor.', 'She is said that she is a good doctor.', 'B', '2025-09-02 17:53:33'),
(1152, 38, 'Choose the sentence closest in meaning: It\'s a pity I can\'t play the piano.', 'I wish I could play the piano.', 'I wish I can play the piano.', 'I hope I can play the piano.', 'I hope I played the piano.', 'A', '2025-09-02 17:53:33'),
(1153, 38, 'Choose the sentence closest in meaning: He started working here three years ago.', 'He has worked here for three years.', 'He worked here since three years.', 'He works here three years ago.', 'He is working here for three years.', 'A', '2025-09-02 17:53:33'),
(1154, 38, 'Choose the sentence closest in meaning: \'Don\'t touch the switch,\' she said to me.', 'She told me not touch the switch.', 'She told me not to touch the switch.', 'She told me don\'t touch the switch.', 'She told me didn\'t touch the switch.', 'B', '2025-09-02 17:53:33'),
(1155, 38, 'Choose the sentence closest in meaning: He was punished because he came late.', 'If he comes late, he will be punished.', 'If he hadn\'t come late, he wouldn\'t have been punished.', 'If he came late, he would be punished.', 'If he didn\'t come late, he would be punished.', 'B', '2025-09-02 17:53:33'),
(1156, 38, 'Read the passage and choose the best answer for blank (1): Technology has changed the way we communicate. In the past, people wrote letters or made phone calls. Today, we can send emails and messages instantly. Social media platforms have made it easier to connect with friends, but they also create new challenges. Spending too much time online can reduce face-to-face interactions and (1) ____ social skills. Therefore, it is important to use technology wisely. Students should (2) ____ a balance between online and offline activities. They should also protect their (3) ____ by being careful with what they share online. Technology is powerful, but it should be (4) ____ responsibly. Only then can it (5) ____ society in a positive way.', 'improve', 'weaken', 'strengthen', 'develop', 'B', '2025-09-02 17:53:33'),
(1157, 38, 'Using the same passage above, choose the best answer for blank (2).', 'keep', 'maintain', 'save', 'take', 'B', '2025-09-02 17:53:33'),
(1158, 38, 'Using the same passage above, choose the best answer for blank (3).', 'identity', 'information', 'privacy', 'safety', 'C', '2025-09-02 17:53:33'),
(1159, 38, 'Using the same passage above, choose the best answer for blank (4).', 'use', 'used', 'be using', 'be used', 'D', '2025-09-02 17:53:33'),
(1160, 38, 'Using the same passage above, choose the best answer for blank (5).', 'harm', 'benefit', 'damage', 'destroy', 'B', '2025-09-02 17:53:33'),
(1161, 38, 'Read the passage and answer the question: Gap years are becoming increasingly popular among high school graduates. A gap year is typically a year spent traveling, working, or volunteering before starting university. Supporters argue that it gives students time to gain real-life experience, learn independence, and explore interests. Critics, however, worry that students may lose academic motivation or face financial difficulties. To make the most of a gap year, students should plan carefully and set clear goals. When done properly, a gap year can be a life-changing experience. What is the main idea of the passage?', 'Gap years are a waste of time.', 'Gap years have both benefits and drawbacks.', 'Gap years should be banned by universities.', 'Students should never delay their studies.', 'B', '2025-09-02 17:53:33'),
(1162, 38, 'According to the passage, which is NOT mentioned as a benefit of a gap year?', 'Real-life experience', 'Learning independence', 'Financial difficulties', 'Exploring interests', 'C', '2025-09-02 17:53:33'),
(1163, 38, 'What is one drawback of a gap year mentioned in the passage?', 'Losing academic motivation', 'Gaining independence', 'Exploring interests', 'Learning languages', 'A', '2025-09-02 17:53:33'),
(1164, 38, 'The word \'critics\' in the passage is closest in meaning to:', 'supporters', 'opponents', 'teachers', 'students', 'B', '2025-09-02 17:53:33'),
(1165, 38, 'The word \'it\' in the last sentence refers to:', 'university', 'a gap year', 'motivation', 'experience', 'B', '2025-09-02 17:53:33');

-- --------------------------------------------------------

--
-- Cấu trúc bảng cho bảng `results`
--

CREATE TABLE `results` (
  `id` int(11) NOT NULL,
  `user_id` int(11) NOT NULL,
  `exam_id` int(11) NOT NULL,
  `score` float NOT NULL,
  `total_question` int(11) NOT NULL,
  `correct_answer` int(11) NOT NULL,
  `start_time` datetime NOT NULL DEFAULT current_timestamp(),
  `end_time` datetime DEFAULT NULL
) ENGINE=InnoDB DEFAULT CHARSET=utf8mb4 COLLATE=utf8mb4_general_ci;

--
-- Đang đổ dữ liệu cho bảng `results`
--

INSERT INTO `results` (`id`, `user_id`, `exam_id`, `score`, `total_question`, `correct_answer`, `start_time`, `end_time`) VALUES
(3, 0, 0, 1, 40, 6, '2025-08-21 14:45:02', '2025-09-02 15:00:02'),
(4, 0, 0, 10, 40, 40, '2025-08-21 14:46:07', '2025-09-02 15:01:07'),
(5, 1, 0, 0, 20, 0, '2025-08-21 15:14:25', '2025-09-02 15:14:25'),
(6, 1, 0, 0, 20, 0, '2025-08-21 15:15:02', '2025-09-02 15:15:02'),
(7, 0, 0, 0, 20, 0, '2025-08-21 15:03:19', '2025-09-02 15:18:19'),
(8, 0, 0, 0, 20, 0, '2025-08-21 15:04:55', '2025-09-02 15:19:55'),
(9, 0, 0, 1, 20, 2, '2025-08-21 15:05:50', '2025-09-02 15:20:50'),
(13, 12, 0, 3, 40, 3, '2025-08-28 15:42:56', '2025-09-02 15:42:56'),
(21, 12, 0, 0, 20, 0, '2025-08-28 16:30:19', '2025-09-02 16:36:09'),
(22, 12, 0, 0, 20, 0, '2025-08-28 16:36:30', '2025-09-02 16:36:30'),
(23, 12, 0, 0, 20, 0, '2025-08-28 16:40:52', '2025-09-02 16:40:52'),
(24, 12, 0, 0, 20, 0, '2025-08-28 16:41:18', '2025-09-02 16:41:18'),
(25, 12, 0, 0, 20, 0, '2025-08-28 16:41:55', '2025-09-02 16:41:55'),
(26, 12, 0, 0, 20, 0, '2025-08-28 16:42:10', '2025-09-02 16:42:16'),
(27, 12, 0, 0, 20, 0, '2025-08-28 16:42:35', '2025-09-02 16:42:43'),
(28, 12, 0, 0, 20, 0, '2025-08-28 16:50:47', '2025-09-02 16:50:47'),
(29, 12, 0, 1, 20, 1, '2025-08-28 16:50:56', '2025-09-02 16:50:59'),
(31, 12, 0, 2, 20, 2, '2025-08-28 16:52:37', '2025-09-02 16:52:42'),
(32, 12, 0, 2, 20, 2, '2025-08-28 16:59:02', '2025-09-02 16:59:02'),
(34, 12, 0, 1, 20, 1, '2025-08-28 17:01:17', '2025-09-02 17:01:21'),
(35, 12, 0, 1, 20, 1, '2025-08-28 17:01:56', '2025-09-02 17:01:56'),
(36, 12, 0, 1, 20, 1, '2025-08-28 17:03:23', '2025-09-02 17:03:23'),
(37, 12, 0, 1, 20, 1, '2025-08-28 17:03:57', '2025-09-02 17:03:57'),
(40, 12, 0, 2, 20, 2, '2025-08-29 14:20:34', '2025-09-02 14:20:55'),
(41, 12, 0, 1, 40, 1, '2025-09-01 05:41:13', '2025-09-02 05:41:22'),
(44, 12, 1, 0, 21, 0, '2025-09-01 09:22:34', '2025-09-02 09:37:28'),
(45, 12, 1, 0, 21, 0, '2025-09-01 10:44:39', '2025-09-02 10:44:39'),
(46, 12, 1, 0, 21, 0, '2025-09-01 10:45:26', '2025-09-02 10:45:26'),
(47, 12, 1, 0, 21, 0, '2025-09-01 10:45:43', '2025-09-02 10:45:43'),
(48, 12, 1, 0, 21, 0, '2025-09-01 10:48:45', '2025-09-02 10:48:45'),
(49, 12, 1, 3, 21, 3, '2025-09-01 10:48:50', '2025-09-02 10:48:57'),
(50, 12, 1, 3, 21, 3, '2025-09-01 10:50:16', '2025-09-02 10:50:16'),
(51, 12, 2, 1, 20, 1, '2025-09-01 11:06:56', '2025-09-02 11:07:05'),
(52, 12, 2, 1, 20, 1, '2025-09-01 11:07:25', '2025-09-02 11:07:25'),
(53, 12, 2, 1, 20, 1, '2025-09-01 11:08:56', '2025-09-02 11:08:56'),
(54, 12, 2, 1, 20, 1, '2025-09-01 11:11:42', '2025-09-02 11:11:42'),
(55, 12, 3, 0, 20, 0, '2025-09-01 11:15:33', '2025-09-02 11:15:36'),
(56, 12, 3, 0, 20, 0, '2025-09-01 11:19:01', '2025-09-02 11:19:01'),
(57, 12, 3, 0, 20, 0, '2025-09-01 11:19:41', '2025-09-02 11:19:45'),
(58, 12, 2, 0, 20, 0, '2025-09-01 11:19:48', '2025-09-02 11:22:32'),
(59, 12, 2, 0, 20, 0, '2025-09-01 11:23:55', '2025-09-02 11:23:55'),
(60, 12, 2, 0, 20, 0, '2025-09-01 11:23:57', '2025-09-02 11:43:18'),
(61, 12, 6, 0, 10, 0, '2025-09-01 11:48:40', '2025-09-02 13:10:27'),
(62, 12, 6, 0, 10, 0, '2025-09-01 11:48:40', '2025-09-02 13:10:54'),
(63, 12, 6, 0, 10, 0, '2025-09-01 11:48:40', '2025-09-02 13:11:21'),
(64, 12, 6, 0, 10, 0, '2025-09-01 11:48:40', '2025-09-02 13:11:25'),
(65, 12, 2, 0, 20, 0, '2025-09-01 11:48:40', '2025-09-02 13:17:46'),
(66, 12, 6, 0, 10, 0, '2025-09-01 11:48:40', '2025-09-02 13:18:03'),
(67, 12, 3, 0, 20, 0, '2025-09-01 13:34:54', '2025-09-02 13:35:00'),
(68, 12, 6, 0, 10, 0, '2025-09-01 13:36:35', '2025-09-02 13:36:37'),
(69, 14, 2, 1, 20, 0, '2025-09-01 16:35:08', '2025-09-02 16:35:19'),
(70, 14, 9, 0, 0, 0, '2025-09-01 16:35:36', '2025-09-02 16:37:36'),
(71, 14, 2, 1, 20, 0, '2025-09-01 16:39:37', '2025-09-02 16:39:42'),
(72, 14, 6, 0, 10, 0, '2025-09-01 16:46:56', '2025-09-02 16:48:53'),
(73, 14, 6, 0, 10, 0, '2025-09-01 16:49:16', '2025-09-02 16:49:28'),
(74, 14, 4, 1, 20, 0, '2025-09-01 16:49:47', '2025-09-02 16:49:58'),
(75, 14, 3, 0, 20, 0, '2025-09-01 17:10:03', '2025-09-02 17:10:10'),
(76, 14, 3, 0, 20, 0, '2025-09-01 17:30:03', '2025-09-02 17:30:06'),
(78, 14, 1, 1, 20, 0, '2025-09-01 22:36:10', '2025-09-02 17:36:10'),
(83, 14, 3, 0, 20, 0, '2025-09-01 18:11:09', '2025-09-02 18:12:41'),
(84, 14, 3, 0, 20, 0, '2025-09-01 18:12:58', '2025-09-02 18:15:13'),
(85, 14, 3, 0, 20, 0, '2025-09-01 18:16:28', '2025-09-02 18:16:32'),
(86, 14, 3, 0, 20, 0, '2025-09-01 18:26:04', '2025-09-02 18:27:09'),
(87, 14, 3, 0, 20, 0, '2025-09-01 18:29:27', '2025-09-02 18:30:41'),
(88, 14, 3, 0, 20, 0, '2025-09-01 18:32:17', '2025-09-02 18:32:21'),
(89, 14, 3, 1, 20, 0, '2025-09-01 18:42:54', '2025-09-02 18:42:58'),
(90, 14, 3, 0, 20, 0, '2025-09-01 19:12:18', '2025-09-01 19:12:31'),
(91, 12, 3, 1, 20, 0, '2025-09-02 05:34:54', '2025-09-02 05:34:57'),
(92, 12, 2, 1, 20, 0, '2025-09-02 08:57:04', '2025-09-02 09:06:32'),
(93, 12, 3, 0, 20, 0, '2025-09-02 14:11:04', '2025-09-02 14:11:07'),
(94, 13, 3, 2, 20, 0, '2025-09-02 14:12:13', '2025-09-02 14:13:18'),
(95, 13, 6, 0, 10, 0, '2025-09-02 14:35:07', '2025-09-02 14:35:24'),
(96, 14, 3, 0, 20, 0, '2025-09-02 14:42:51', '2025-09-02 14:42:54'),
(97, 14, 6, 0, 10, 0, '2025-09-02 14:42:58', '2025-09-02 14:43:22'),
(98, 14, 9, 0, 0, 0, '2025-09-02 14:43:37', '2025-09-02 14:43:38'),
(99, 14, 9, 0, 0, 0, '2025-09-02 14:47:21', '2025-09-02 14:47:21'),
(100, 14, 9, 0, 0, 0, '2025-09-02 14:56:20', '2025-09-02 14:56:23'),
(101, 14, 3, 0, 20, 0, '2025-09-02 14:56:35', '2025-09-02 14:56:48'),
(102, 13, 6, 0, 10, 0, '2025-09-02 15:01:07', '2025-09-02 15:03:32'),
(103, 12, 11, 0, 20, 0, '2025-09-02 17:56:22', '2025-09-02 17:56:45'),
(104, 12, 11, 2, 20, 0, '2025-09-02 18:00:36', '2025-09-02 18:00:48'),
(105, 13, 2, 1, 20, 0, '2025-09-02 20:15:52', '2025-09-02 20:16:03'),
(106, 13, 4, 2, 20, 0, '2025-09-02 20:16:43', '2025-09-02 20:18:11'),
(107, 13, 12, 0, 0, 0, '2025-09-02 20:21:37', '2025-09-02 20:22:54'),
(108, 14, 12, 0, 0, 0, '2025-09-02 20:23:15', '2025-09-02 20:23:38'),
(109, 17, 13, 0, 0, 0, '2025-09-02 23:50:10', '2025-09-02 23:55:02'),
(111, 17, 21, 40, 40, 0, '2025-09-03 01:29:06', '2025-09-03 01:30:23'),
(112, 17, 28, 0, 40, 0, '2025-09-03 01:31:11', '2025-09-03 01:33:56'),
(113, 12, 42, 0, 20, 0, '2025-09-03 12:03:47', '2025-09-03 12:11:04'),
(114, 12, 42, 2, 20, 0, '2025-09-03 12:11:18', '2025-09-03 12:11:37');

-- --------------------------------------------------------

--
-- Cấu trúc bảng cho bảng `users`
--

CREATE TABLE `users` (
  `ID` int(11) NOT NULL,
  `USERNAME` varchar(50) NOT NULL,
  `PASSWORD` varchar(255) NOT NULL,
  `EMAIL` varchar(100) NOT NULL,
  `PHONE` varchar(15) NOT NULL,
  `REG_DATE` timestamp NOT NULL DEFAULT current_timestamp(),
  `is_admin` tinyint(1) NOT NULL DEFAULT 0
) ENGINE=InnoDB DEFAULT CHARSET=utf8mb4 COLLATE=utf8mb4_general_ci;

--
-- Đang đổ dữ liệu cho bảng `users`
--

INSERT INTO `users` (`ID`, `USERNAME`, `PASSWORD`, `EMAIL`, `PHONE`, `REG_DATE`, `is_admin`) VALUES
(1, 'thanhtroll2oo45', '$2y$10$iUTBf7zXZ/dJ2XMMUcBII.lGdD8my.MMsnWTi3qosYm9otHLfIXby', '', '', '2025-08-17 16:03:13', 1),
(5, 'khoane123', '$2y$10$RbzzAE.a.G/b6cZUZZwxTuRN2oa2cD.pokRM9LuuBgxe6K1VlH0zK', 'khoahuynhkhoah12321@gmail.com', '0827396638', '2025-08-17 16:32:53', 0),
(6, 'nam123', '$2y$10$i688gQ7/zUM7uzbFWRj4d.knjcqtfn/uoaJ85wNPpiRZ9sDsG67rO', 'namhuynh123@gmail.com', '0123456789', '2025-08-19 06:16:39', 0),
(9, 'tuitenkhoa', '$2y$10$hLO2qtqjqFUJ/jDoSc8o2.wtmFGKo.01J4q/gjCyGA.ldL7GYlYgi', 'hungnguyen180705@gmail.com', '0937248462', '2025-08-19 08:01:02', 0),
(11, 'tuitenhoang', '$2y$10$pRDB3YjfzUXTs6uN7L3TdOore5lJNRPPCyDFtHVlMNftMBJyDRbNi', 'hongtyvn@gmail.com', '099999999', '2025-08-19 08:04:35', 0),
(12, 'dsada', '$2y$10$nZSfFhZ6.TXEH/SfU4urkenOJljnUgiUvSIEVfKO.gytm9CnCVq1q', 'Tata432@gmail.com', '0147852369', '2025-08-26 08:38:53', 1),
(13, 'nnn123', '$2y$10$f0NdL4GZDdaPMjx6p4pMzOk2w.1vAmz0QjkfR3rFDxUFhAtHPjB0i', 'nnn123@gmail.com', '0159875365', '2025-09-01 04:23:44', 0),
(14, 'kkk123', '$2y$10$oqkI.3sjJqsC8.q/hqI3u.Ehfz7ZdOPeEvnmPInPO41xIWSgoH.ey', 'nhutnam7114@gmail.com', '0147852385', '2025-09-01 14:34:38', 0),
(17, 'khoa123', '$2y$10$6ljRxTzjJhrrMmf6wye86OC9u55Vz.ylsEXwftx8fESw/bmwbYm1a', 'Khoahuynh280@gmail.com', '0942727938', '2025-09-02 15:45:22', 1),
(20, 'khoa12345', '$2y$10$GFzjiC9.dBDfiPr69j8x8eyxpFFLArjUbMwrEjgRjgLYJL.btb18G', 'Khoahuynh80@gmail.com', '0812856739', '2025-09-02 17:10:56', 0);

-- --------------------------------------------------------

--
-- Cấu trúc bảng cho bảng `user_answers`
--

CREATE TABLE `user_answers` (
  `id` int(11) NOT NULL,
  `result_id` int(11) DEFAULT NULL,
  `question_id` int(11) DEFAULT NULL,
  `answer` text DEFAULT NULL,
  `is_correct` tinyint(1) DEFAULT NULL
) ENGINE=InnoDB DEFAULT CHARSET=utf8mb4 COLLATE=utf8mb4_general_ci;

--
-- Đang đổ dữ liệu cho bảng `user_answers`
--

INSERT INTO `user_answers` (`id`, `result_id`, `question_id`, `answer`, `is_correct`) VALUES
(41, 3, 1, 'A', 1),
(42, 3, 2, 'A', 1),
(43, 3, 3, 'A', 1),
(44, 3, 4, 'A', 1),
(45, 3, 5, 'A', 1),
(46, 3, 6, 'A', 1),
(47, 3, 7, NULL, 0),
(48, 3, 8, NULL, 0),
(49, 3, 9, NULL, 0),
(50, 3, 10, NULL, 0),
(51, 3, 11, NULL, 0),
(52, 3, 12, NULL, 0),
(53, 3, 13, NULL, 0),
(54, 3, 14, NULL, 0),
(55, 3, 15, NULL, 0),
(56, 3, 16, NULL, 0),
(57, 3, 17, NULL, 0),
(58, 3, 18, NULL, 0),
(59, 3, 19, NULL, 0),
(60, 3, 20, NULL, 0),
(61, 3, 21, NULL, 0),
(62, 3, 22, NULL, 0),
(63, 3, 23, NULL, 0),
(64, 3, 24, NULL, 0),
(65, 3, 25, NULL, 0),
(66, 3, 26, NULL, 0),
(67, 3, 27, NULL, 0),
(68, 3, 28, NULL, 0),
(69, 3, 29, NULL, 0),
(70, 3, 30, NULL, 0),
(71, 3, 31, NULL, 0),
(72, 3, 32, NULL, 0),
(73, 3, 33, NULL, 0),
(74, 3, 34, NULL, 0),
(75, 3, 35, NULL, 0),
(76, 3, 36, NULL, 0),
(77, 3, 37, NULL, 0),
(78, 3, 38, NULL, 0),
(79, 3, 39, NULL, 0),
(80, 3, 40, NULL, 0),
(81, 4, 1, 'A', 1),
(82, 4, 2, 'A', 1),
(83, 4, 3, 'A', 1),
(84, 4, 4, 'A', 1),
(85, 4, 5, 'A', 1),
(86, 4, 6, 'A', 1),
(87, 4, 7, 'A', 1),
(88, 4, 8, 'A', 1),
(89, 4, 9, 'A', 1),
(90, 4, 10, 'A', 1),
(91, 4, 11, 'A', 1),
(92, 4, 12, 'A', 1),
(93, 4, 13, 'A', 1),
(94, 4, 14, 'A', 1),
(95, 4, 15, 'A', 1),
(96, 4, 16, 'A', 1),
(97, 4, 17, 'A', 1),
(98, 4, 18, 'A', 1),
(99, 4, 19, 'A', 1),
(100, 4, 20, 'A', 1),
(101, 4, 21, 'A', 1),
(102, 4, 22, 'A', 1),
(103, 4, 23, 'A', 1),
(104, 4, 24, 'A', 1),
(105, 4, 25, 'A', 1),
(106, 4, 26, 'A', 1),
(107, 4, 27, 'A', 1),
(108, 4, 28, 'A', 1),
(109, 4, 29, 'A', 1),
(110, 4, 30, 'A', 1),
(111, 4, 31, 'A', 1),
(112, 4, 32, 'A', 1),
(113, 4, 33, 'A', 1),
(114, 4, 34, 'A', 1),
(115, 4, 35, 'A', 1),
(116, 4, 36, 'A', 1),
(117, 4, 37, 'A', 1),
(118, 4, 38, 'A', 1),
(119, 4, 39, 'A', 1),
(120, 4, 40, 'A', 1),
(121, 7, 1, '', 0),
(122, 7, 2, '', 0),
(123, 7, 3, '', 0),
(124, 7, 4, '', 0),
(125, 7, 5, '', 0),
(126, 7, 6, '', 0),
(127, 7, 7, '', 0),
(128, 7, 8, '', 0),
(129, 7, 9, '', 0),
(130, 7, 10, '', 0),
(131, 7, 11, '', 0),
(132, 7, 12, '', 0),
(133, 7, 13, '', 0),
(134, 7, 14, '', 0),
(135, 7, 15, '', 0),
(136, 7, 16, '', 0),
(137, 7, 17, '', 0),
(138, 7, 18, '', 0),
(139, 7, 19, '', 0),
(140, 7, 20, '', 0),
(141, 8, 1, '', 0),
(142, 8, 2, '', 0),
(143, 8, 3, '', 0),
(144, 8, 4, '', 0),
(145, 8, 5, '', 0),
(146, 8, 6, '', 0),
(147, 8, 7, '', 0),
(148, 8, 8, '', 0),
(149, 8, 9, '', 0),
(150, 8, 10, '', 0),
(151, 8, 11, '', 0),
(152, 8, 12, '', 0),
(153, 8, 13, '', 0),
(154, 8, 14, '', 0),
(155, 8, 15, '', 0),
(156, 8, 16, '', 0),
(157, 8, 17, '', 0),
(158, 8, 18, '', 0),
(159, 8, 19, '', 0),
(160, 8, 20, '', 0),
(161, 9, 1, '125 ÷ 5 = 25; 36 × 2 = 72 ⇒ 25 + 72 = 97.', 1),
(162, 9, 2, 'Chia cả tử và mẫu cho 42: 84/126 = 2/3.', 1),
(163, 9, 3, '', 0),
(164, 9, 4, '', 0),
(165, 9, 5, '', 0),
(166, 9, 6, '', 0),
(167, 9, 7, '', 0),
(168, 9, 8, '', 0),
(169, 9, 9, '', 0),
(170, 9, 10, '', 0),
(171, 9, 11, '', 0),
(172, 9, 12, '', 0),
(173, 9, 13, '', 0),
(174, 9, 14, '', 0),
(175, 9, 15, '', 0),
(176, 9, 16, '', 0),
(177, 9, 17, '', 0),
(178, 9, 18, '', 0),
(179, 9, 19, '', 0),
(180, 9, 20, '', 0);

--
-- Chỉ mục cho các bảng đã đổ
--

--
-- Chỉ mục cho bảng `admin`
--
ALTER TABLE `admin`
  ADD PRIMARY KEY (`id`);

--
-- Chỉ mục cho bảng `essay_questions`
--
ALTER TABLE `essay_questions`
  ADD PRIMARY KEY (`question_id`),
  ADD KEY `exam_id` (`exam_id`);

--
-- Chỉ mục cho bảng `exams`
--
ALTER TABLE `exams`
  ADD PRIMARY KEY (`exam_id`);

--
-- Chỉ mục cho bảng `questions`
--
ALTER TABLE `questions`
  ADD PRIMARY KEY (`question_id`),
  ADD KEY `fk_exams` (`exam_id`);

--
-- Chỉ mục cho bảng `results`
--
ALTER TABLE `results`
  ADD PRIMARY KEY (`id`),
  ADD KEY `exam_id` (`exam_id`),
  ADD KEY `user_id` (`user_id`);

--
-- Chỉ mục cho bảng `users`
--
ALTER TABLE `users`
  ADD PRIMARY KEY (`ID`),
  ADD UNIQUE KEY `EMAIL` (`EMAIL`),
  ADD UNIQUE KEY `PHONE` (`PHONE`),
  ADD UNIQUE KEY `USERNAME` (`USERNAME`);

--
-- Chỉ mục cho bảng `user_answers`
--
ALTER TABLE `user_answers`
  ADD PRIMARY KEY (`id`),
  ADD KEY `result_id` (`result_id`);

--
-- AUTO_INCREMENT cho các bảng đã đổ
--

--
-- AUTO_INCREMENT cho bảng `admin`
--
ALTER TABLE `admin`
  MODIFY `id` int(11) NOT NULL AUTO_INCREMENT, AUTO_INCREMENT=4;

--
-- AUTO_INCREMENT cho bảng `essay_questions`
--
ALTER TABLE `essay_questions`
  MODIFY `question_id` int(11) NOT NULL AUTO_INCREMENT, AUTO_INCREMENT=59;

--
-- AUTO_INCREMENT cho bảng `exams`
--
ALTER TABLE `exams`
  MODIFY `exam_id` int(11) NOT NULL AUTO_INCREMENT, AUTO_INCREMENT=43;

--
-- AUTO_INCREMENT cho bảng `questions`
--
ALTER TABLE `questions`
  MODIFY `question_id` int(11) NOT NULL AUTO_INCREMENT, AUTO_INCREMENT=1166;

--
-- AUTO_INCREMENT cho bảng `results`
--
ALTER TABLE `results`
  MODIFY `id` int(11) NOT NULL AUTO_INCREMENT, AUTO_INCREMENT=115;

--
-- AUTO_INCREMENT cho bảng `users`
--
ALTER TABLE `users`
  MODIFY `ID` int(11) NOT NULL AUTO_INCREMENT, AUTO_INCREMENT=22;

--
-- AUTO_INCREMENT cho bảng `user_answers`
--
ALTER TABLE `user_answers`
  MODIFY `id` int(11) NOT NULL AUTO_INCREMENT, AUTO_INCREMENT=261;

--
-- Các ràng buộc cho các bảng đã đổ
--

--
-- Các ràng buộc cho bảng `questions`
--
ALTER TABLE `questions`
  ADD CONSTRAINT `fk_exams` FOREIGN KEY (`exam_id`) REFERENCES `exams` (`exam_id`) ON DELETE CASCADE;

--
-- Các ràng buộc cho bảng `user_answers`
--
ALTER TABLE `user_answers`
  ADD CONSTRAINT `user_answers_ibfk_1` FOREIGN KEY (`result_id`) REFERENCES `results` (`id`);
COMMIT;

/*!40101 SET CHARACTER_SET_CLIENT=@OLD_CHARACTER_SET_CLIENT */;
/*!40101 SET CHARACTER_SET_RESULTS=@OLD_CHARACTER_SET_RESULTS */;
/*!40101 SET COLLATION_CONNECTION=@OLD_COLLATION_CONNECTION */;
